RAD Application ID,Airspace,"Airspace
Vert. Limit","Time
Applicability","DCT
Horiz. Limit","Cross-border
DCT Limits","ID
DCT limit","ID Not allowed
Cross-border
DCT",Remarks,"Release
Date","Special Event and 
Crisis"
LRARTMA,"(LRARTMA, LRCKTMA, LRCLTMA, LROPTMA)",,H24,0NM,NOT ALW,"LRAR1
LRCK1
LRCL1
LROP1",,,10 FEB 2025,
LOVVACC_FRA,"1. LOVVACC
2. LO**APP EXC LOWIATA1",,H24,FRA,"ALW BIDI (XNG LOVVACC - (LO**APP, LIRRACC, LIBBACC, LIPPACC, LIMMACC, 
LJLAACC, LDZOACC, LQSBACC, LYBAACC, LWSSACC, LAAAACC) BDRY)",-,-,"Free Route Airspace
SECSI FRA",17 JUL 2024,
EBBUACC_2,EBBUACC,BTN FL115-FL245,H24,0NM,"ALW EXC VIA
(EHAAACC,  EHMCACC,
EDGGACC)",EB2,"EHEB400
EBED400",,29 AUG 2024,
EBBUACC,EBBUACC,BLW FL115,H24,50NM,"ALW EXC VIA
(EHAAACC , EHMCACC,
EDGGACC , EGTTACC , LFFFACC)",EB1,"EHEB400
EBED400
EGEB400
LFEB400",,29 AUG 2024,
EDGGACC_2,EDGGACC,above FL095,H24,0NM,"Not allowed
except to/from
LFEEACC, Type M (40NM)",EDGG1,-,,,
EDGGACC,EDGGACC,below FL095,H24,40NM,"Not allowed
except to/from
LFEEACC",EDGG2,"EDLF400
EDEB400
EDEH400",EDGGACC without EDGGDUS,07 JUN 2023,
EDGGDUS,EDGGDUS,below FL095,H24,"0NM
except for DEP / ARR Dusseldorf_YZ_Group via BAM and/or BOT with 40NM",Not allowed,EDGG3,,to close EDGGDUS airspace for overflights below FL100 but enable ARR/DEP for Dusseldorf_YZ_Group,23 JUN 2021,
EDMMACC,EDMMACC,below FL095,H24,"40NM
except ARR/DEP EDD* 0NM",Not allowed,EDMM1,EPED400,"For major German airports, the DCT limit is set to 0NM to avoid flight plans cheating on regulations.",12 SEP 2023,
EDMMACC_3,"EDMMACC
(except EDMMTA)",above FL095,04:00..22:30 (03:00..21:30),"0NM
Exemption Type M - 40NM",Not allowed,EDMM1,EPED400,,05 APR 2023,
EDMMACC_2,EDMMACC East,Between FL095..FL245,22:30..04:00 (21:30..03:00),"0NM
Exemption Type M - 40NM",Not allowed,-,-,,05 APR 2023,
EDMMACC_FRA,EDMMACC East,Between FL245..FL315,22:30..04:00 (21:30..03:00),FRA,Not allowed,-,-,Free Route Airspace,,
EDMMACC_1,EDMMACC South,Between FL095..FL245,22:30..04:00 (21:30..03:00),"0NM
Exemption Type M - 40NM",Not allowed,-,-,,05 APR 2023,
EDMMACC_FRA_2,EDMMFRA South,Between FL245..FL315,22:30..04:00 (21:30..03:00),FRA,"Not allowed
except to/ from
LSASACC",-,-,Free Route Airspace,18 OCT 2022,
EDMMTA,EDMMTA,below FL095,H24,0NM,Not allowed,EDMM1,-,(AIP Sectors Erding High/Low(EDMMS) & Freising high/low(EDMMN)),05 APR 2023,
EDUUFRA_FRA,EDUUFRAE,above FL315,H24,FRA,"Not allowed
except to/ from
1. SECSI FRA 22:30..05:00 (21:30..04:00)
2. EDUUFRAN
3. LSASACC
4. EDYYFRA",-,-,Free Route Airspace,06 OCT 2023,
EDUUFRA_FRA_3,EDUUFRAN,above FL285,H24,FRA,"Not allowed
except to / from 
1. DK-SE FAB FRA
(only avbl for DEP / ARR DK-SE FAB except via ENOR/EFIN/EETT/EVRR FIRs)
2. EDUUFRAE
3. EDYYFRA",-,-,Free Route Airspace,06 OCT 2023,
EDUUFRA_FRA_4,EDUUFRAW,above FL245,H24,FRA,"Not allowed
except to/ from
1. LSASACC
2. EDYYFRA",-,-,Free Route Airspace,06 OCT 2023,
EDWWACC,EDWWACC,above FL095,04:00..22:30 (03:00..21:30),0NM,Not allowed,EDWW1,"EPED400
EDDS400
EDEH400",,,
EDWWACC_2,EDWWACC,Between FL095..FL245,22:30..04:00 (21:30..03:00),0NM,Not allowed,EDWW1,"EDDS400
EDEH400",,,
EDWWACC_1,"EDWWACC
(except EDWWDBAN, EDWWDBAS, EDWWDBAD)",below FL095,H24,30NM,Not allowed,EDWW1,"EPED400
EDDS400
EDEH400",,07 JUN 2023,
EDWWACC_FRA,EDWWACC East,Between FL245..FL285,22:30..04:00 (21:30..03:00),FRA,Not allowed,-,-,Free Route Airspace,,
EDWWDBAD,EDWWDBAD,below FL095,H24,0NM,Not allowed,EDWW1,-,,,
EDWWDBAN,EDWWDBAN,below FL095,H24,0NM,Not allowed,EDWW1,-,,,
EDWWDBAS,EDWWDBAS,below FL095,H24,0NM,Not allowed,EDWW1,-,,,
EDYYUAC_FRA,EDYYFRA,above FL245,H24,FRA,"Not allowed
except to / from 1. DK-SE FAB FRA
(only avbl for DEP / ARR DK-SE FAB except via ENOR/EFIN/EETT/EVRR FIRs)
2. EDUUFRAN, EDUUFRAE, EDUUFRAW",-,-,"Free Route Airspace
(see EB/ED/EH AIP)",06 OCT 2023,
EETTACC,EETTACC,BLW FL095,H24,,NOT ALW EXC BIDI (XNG EETTACC - EFESACC BDRY),,"EEUU400
EEEV400
EEDS400",,10 FEB 2025,
EETTACC_FRA,EETTACC,ABV FL095,H24,FRA,"1. NOT ALW EXC
   a. BIDI (XNG EETTACC - (NEFAB, DK-SE FAB) BDRY)
   b. FLT-TYPE (M) & BIDI (XNG EETTACC - ESOSACC BDRY)",,,"Free Route Airspace
(See EE AIP)",10 FEB 2025,
EFESACC_FRA,EFESACC,ABV FL095,H24,FRA,"1. NOT ALW EXC 
   a. BIDI (XNG EFESACC - (NEFAB, DK-SE FAB) BDRY)
   b. FLT-TYPE (M) & BIDI (XNG EFESACC - ESOSACC BDRY)",,,"Free Route Airspace
(See EF AIP)",10 FEB 2025,
EFHKTMA,EFHKTMA,BLW FL095,H24,,,,,,10 FEB 2025,
EFINACC,EFINACC,BLW FL095,H24,,"NOT ALW EXC BIDI (XNG EFINACC - (EETTACC, ENBDACC, ESOSACC) BDRY)",,EFUU400,,10 FEB 2025,
EGPXFRA,EGPXFRA,above FL255,H24,FRA,Not Allowed,,,EGPXACC FRA airspace,29 OCT 2021,
EGPXNFRA,EGPXNFRA,Between FL245..FL255,H24,"0NM
except descending out of/climbing into EGPXFRA",Not Allowed,,,"EGPXACC Non-FRA airspace vertically below EGPX FRA airspace
FL250 is closed for cruising except if routeing solely on the ATS route structure.  ",29 OCT 2021,
EGPXNFRA_3,EGPXNFRA,below FL105,H24,100NM,"Allowed
except to/from
EHAAACC / EHMCACC Above FL055",,,EGPXACC Non-FRA airspace vertically below EGPX FRA airspace,29 OCT 2021,
EGPXNFRA_2,EGPXNFRA,Between FL105..FL245,H24,50NM,"Allowed
except to/from
EHAAACC / EHMCACC",,,EGPXACC Non-FRA airspace vertically below EGPX FRA airspace,29 OCT 2021,
EGTTFRAW_FRA,EGTTFRAW,above FL245,H24,FRA,Not Allowed,,,EGTTACC FRA airspace,14 FEB 2023,
EGTTNFRA,EGTTNFRA,above FL245,H24,0NM,Not Allowed,,,EGTTACC Non-FRA airspace (including EGPX sectors laterally outside of the EGPXFRA boundaries),29 OCT 2021,
EGTTNFRA_4,EGTTNFRA,Between FL105..FL245,H24,0NM,"Allowed
except to/from
EHAAACC / EHMCACC",EG2,EHEG400,EGTTACC Non-FRA airspace (including EGPX sectors laterally outside of the EGPXFRA boundaries but not including the EGTTNFRAW airspace),14 FEB 2023,
EGTTNFRA_2,EGTTNFRA,below FL105,H24,100NM,"Allowed
except to/from
EHAAACC / EHMCACC Above FL055",,EHEG400,EGTTACC Non-FRA airspace (including EGPX sectors laterally outside of the EGPXFRA boundaries but not including the EGTTNFRAW airspace),14 FEB 2023,
EGTTNFRAW,EGTTNFRAW,Between FL105..FL245,H24,0NM,Allowed,,,EGTTACC Non-FRA airspace vertically below EGTTFRAW airspace,14 FEB 2023,
EGTTNFRAW_2,EGTTNFRAW,below FL105,H24,100NM,Allowed,,,EGTTACC Non-FRA airspace vertically below EGTTFRAW airspace,14 FEB 2023,
EHAAACC_2,EHAAACC,Between FL055..FL245,H24,0NM,Not allowed,EH2,"EHEB400
EHED400
EHEG400
EHDS400",,,
EHAAACC,EHAAACC,below FL055,H24,50NM,"Not allowed
except to/from
EGTTACC/EGPXACC
below FL055",EH1,"EHEB400
EHED400
EHEG400
EHDS400",,,
EHMCACC,EHMCACC,Between FL055..FL245,H24,0NM,Not allowed,EH2,"EHEB400
EHED400
EHEG400
EHDS400",,,
EHMCACC_2,EHMCACC,below FL055,H24,50NM,"Not allowed
except to/from
EGTTACC/EGPXACC
below FL055",EH1,"EHEB400
EHED400
EHEG400
EHDS400",,,
EIDWACC,EIDWACC,BLW FL245,H24,50NM,NOT ALW,EIDW1,EIEG400,,19 JUN 2024,
EISNACC,EISNACC,BLW FL075,H24,500NM,NOT ALW,EI2,EIEG400,,19 JUN 2024,
EISNACC_FRA,EISNACC,ABV FL075,H24,FRA,ALW,-,-,Free Route Airspace,19 JUN 2024,
EKDKACC_FRA,EKDKACC,above FL285,H24,FRA,"DK-SE FAB / NEFAB FRA
H24
--------
DK-SE FAB / EDUUFRA North
H24
(only avbl for DEP / ARR DK-SE FAB except via
ENOR/EFIN/EETT/EVRR FIRs)
--------
DK-SE FAB / EDYYFRA
H24
(only avbl for DEP / ARR DK-SE FAB except via
ENOR/EFIN/EETT/EVRR FIRs)
--------
(See EK AIP,ES AIP )",-,-,"Free Route Airspace
(See EK AIP,ES AIP )",29 SEP 2023,
EKDKACC,EKDKACC,Between FL095..FL285,H24,No limit,"Not allowed to/from
EY**ACC
UMKKACC
EP**ACC
ED**ACC
EH**ACC
EG**ACC
--------
Not Alowed to/from
EF**ACC
EE**ACC
EV**ACC
EN**ACC 
except with RFL above FL285 or type Mil
----------------
Not Allowed to/from
EV**ACC
except with RFL above FL285",-,-,,,
EKDKACC_2,EKDKACC,below FL095,H24,No limit,"Not Allowed
to/from

EE**ACC
EV**ACC
EY**ACC
UMKKACC
EP**ACC
ED**ACC
EH**ACC
EG**ACC",-,"DSEV400
EDDS400
EPDS400
EYDS400
DSUM400
EEDS400
DSED400",,,
ENBDACC_FRA,ENBDACC,Between FL135..FL285,H24,FRA,"Allowed
NEFAB FRA
to/from
DS (with RFL above FL285 or type MIL)",-,-,"Free Route Airspace
(See EN AIP)",,
ENBDACC_FRA_2,ENBDACC,above FL285,H24,FRA,NEFAB / DK-SE FAB FRA,-,-,"Free Route Airspace
(See EN AIP)",,
ENBDACC,ENBDACC,Between FL095..FL135,H24,No limit,"Allowed
to/from
ENOSACC
EFINACC
DS (with RFL above FL285 or type MIL)",-,"ENBDEF400
ENBDES400
ENBDOB400
ENBDUL400",,,
ENBDACC_2,ENBDACC,Below FL095,H24,No limit,"Allowed
to/from
ENOSACC
ENOBOCA
EFINACC
DS",-,ENBDUL400,,,
ENOBOCA_FRA,ENOBOCA,Above FL195,H24,FRA,Not allowed,-,-,"Free Route Airspace
(See EN AIP)",,
ENOBOCA,ENOBOCA,Below FL195,H24,No limit,"Not allowed between FL095-FL195
Allowed below FL095 to/from
ENBDACC
ENOSACC",-,"ENBDOB400
ENOSOB400
ENOBUU400
ENOBBI400",,,
ENOSACC_FRA,ENOSACC,Between FL135..FL285,H24,FRA,"NEFAB FRA
Allowed
to/from
DS (with RFL above FL285 or type MIL)",-,-,"Free Route Airspace
(See EN AIP)",,
ENOSACC_FRA_2,ENOSACC,above FL285,H24,FRA,DK-SE FAB / NEFAB FRA,-,-,"Free Route Airspace
(See EN AIP)",,
ENOSACC,ENOSACC,Between FL095..FL135,H24,No limit,"Allowed to/from
ENBDACC
BIRDCTA
EGPXACC
DS (with RFL above FL285 or type MIL)",-,-,,,
ENOSACC_2,ENOSACC,Below FL095,H24,No limit,"Allowed
to/from
ENBDACC
BIRDCTA
EGPXACC
ENOBOCA
DS",-,-,,,
EPWWACC,EPWWACC,BLW FL095,H24,,NOT ALW,EP2,"EPED400
EPDS400
EPEY400
EPU 400
EPUK400
EPUM400",,15 OCT 2024,
EPWWACC_FRA,EPWWACC,ABV FL095,H24,FRA,"NOT ALW
EXC VIA
(EYVCACC, LZBBACC, LKAACTA, ESMMCTA)",-,-,Free Route Airspace (See EP AIP).,24 OCT 2024,
ESMMACC,ESMMACC,BTN FL095-FL285,H24,,"1. NOT ALW BIDI (XNG ESMMAC - (EY**ACC, UMKKACC, EP**ACC, ED**ACC) BDRY)
2. NOT ALW BIDI (XNG ESMMAC - (EF**ACC, EE**ACC, EV**ACC, EN**ACC) BDRY) EXC
   a. RFL ABV FL285 IN ES
   b. FLT-TYPE (M)",,,,10 FEB 2025,
ESMMACC_2,ESMMACC,BLW FL095,H24,,"NOT ALW BIDI (XNG ESMMACC - (EE**ACC, EV**ACC, EY**ACC, UMKKACC, EP**ACC, ED**ACC) BDRY)",,"DSEV400
EDDS400
EPDS400
EYDS400
DSUM400
EEDS400
DSED400",,10 FEB 2025,
ESMMACC_FRA,ESMMACC,ABV FL285,H24,FRA,"DK-SE FAB / NEFAB FRA
H24
--------
DK-SE FAB / EDUUFRA North
H24
(only avbl for DEP / ARR DK-SE FAB except via
ENOR/EFIN/EETT/EVRR FIRs)
--------
DK-SE FAB / EPWWFRA
H24
(only avbl for DEP / ARR DK-SE FAB except via
ENOR/EFIN/EETT/EVRR FIRs)
--------
(See ES AIP )",-,-,Free Route Airspace,10 FEB 2025,
ESOSACC,ESOSACC,BTN FL095-FL285,H24,,"1. NOT ALW BIDI (XNG ESOSACC - (EF**ACC, EE**ACC, EV**ACC, EN**ACC) BDRY) EXC
   a. RFL ABV FL285 IN ES
   b. FLT-TYPE (M)",,,,10 FEB 2025,
ESOSACC_2,ESOSACC,BLW FL095,H24,,"NOT ALW BIDI (XNG ESOSACC - (EE**ACC
EV**ACC) BDRY)",,DSEV400,,10 FEB 2025,
ESOSACC_FRA,ESOSACC,above FL285,H24,FRA,"DK-SE FAB / NEFAB FRA
H24
--------
(See ES AIP )",-,-,Free Route Airspace,,
EVRRACC,EVRRACC,BLW FL095,H24,200NM,NOT ALW,EV2,"DSEV400
EVEE400
EVUL400
EVUM400
EVEY400",,10 FEB 2025,
EVRRACC_FRA,EVRRACC,ABV FL095,H24,FRA,"NOT ALW EXC BIDI (XNG EVRRACC - (NEFAB, DK-SE FAB) BDRY)",,,"Free Route Airspace
(See EV AIP)",10 FEB 2025,
EYVCACC_FRA,EYVCACC,ABV FL095,H24,FRA,"NOT ALW 
EXC VIA EPWWACC",-,-,Free Route Airspace,23 AUG 2024,
EYVCACC,EYVCACC,BLW FL095,H24,No limit,NOT ALW,-,"EYDS400
EYEV400
EYUM400
EPEY400",,23 AUG 2024,
GCCCACC,GCCCACC,Below FL305,H24,0NM,Not allowed,GC1,LPGC400,,06 APR 2022,
GCCCACC_FRA,GCCCACC,Above FL305,H24,FRA,,,,,06 APR 2022,
GMACACC,GMACACC,BLW FL195,H24,0NM,NOT ALW,GMAC1,"GMLE400
GMLP400
GMGC400",,10 FEB 2025,
GMACACC_2,GMACACC,ABV FL195,06:00-22:00,0NM,NOT ALW,GMAC2,"GMLE400
GMLP400
GMGC400",,10 FEB 2025,
GMACACC_FRA,GMACACC,ABV FL195,22:00-06:00,FRA,NOT ALW,-,-,Free Route Airspace,10 FEB 2025,
GMMMACC,GMMMACC,,H24,"0NM EXC
FLT-TYPE (M) & ARR/DEP GMMMFIR 200NM",NOT ALW,GMMM1,"GMLE400
GMGC400
GMDA400",,10 FEB 2025,
KFOR,KFOR,Above FL205,H24,0NM,Not allowed,LHKR1,"LHKRLA400
LHKRLW400
LHKRLY400",,,
LAAAACC,LAAAACC,BLW FL195,H24,0NM,NOT ALW,LA1,"LALW400
LGLA400
LALY400",,10 FEB 2025,
LAAAACC_FRA,LAAAACC,ABV FL195,H24,FRA,NOT ALW EXC VIA SECSI FRA,,,"Free Route Airspace
(see AIP Albania)",10 FEB 2025,
LBSFTMA,LBSFTMA,,H24,0NM,NOT ALW,LBSF1,-,,28 JAN 2025,
LBSRACC,LBSRACC,BLW FL175,H24,0NM,NOT ALW,LB1,-,,10 FEB 2025,
LBSRACC_FRA,LBSRACC,ABV FL175,H24,FRA,NOT ALW EXC BIDI (XNG LBSRACC - LRBBCTA BDRY),-,-,"Free Route Airspace
(see LB AIP)",10 FEB 2025,
LCCCACC,LCCCACC,BLW FL205,H24,0NM,NOT ALW,LC1,,,29 JAN 2025,
LCCCACC_FRA,LCCCACC,ABV FL205,H24,FRA,NOT ALW,,,,29 JAN 2025,
LDZOACC,LDZOACC,BLW FL205,H24,0NM,NOT ALW,LD1,-,,18 SEP 2024,
LDZOACC_FRA,LDZOACC,ABV FL205,H24,FRA,"NOT ALW EXC BIDI (XNG LDZOACC - (LOWKAPP, LOWIAPP, LOWGAPP,  LOVVACC, LJLAACC, LQSBACC, LYBAACC, LIRRACC, LIBBACC, LIPPACC, LIMMACC, LWSSACC, LAAAACC) BDRY)",-,-,"Free Route Airspace 
(see AIP Croatia)
SECSI FRA",10 FEB 2025,
LECBACC,LECBACC,Below FL245,H24,0NM,Not allowed,LE2,-,,06 APR 2022,
LECBACC_FRA,LECBACC,Above FL245,H24,FRA,,,,,06 APR 2022,
LECMACC,LECMACC,Below FL245,H24,0NM,Not allowed,LE2,-,,06 APR 2022,
LECMACC_FRA,LECMACC,Above FL245,H24,FRA,,,,,06 APR 2022,
LECPACC,LECPACC,Below FL245,H24,0NM,Not allowed,LE2,"LEDA400
LPLE400",,06 APR 2022,
LECPACC_FRA,LECPACC,Above FL245,H24,FRA,,,,,06 APR 2022,
LECSACC,LECSACC,Below FL245,H24,0NM,Not allowed,LE2,LEDA400,,06 APR 2022,
LECSACC_FRA,LECSACC,Above FL245,H24,FRA,,,,,06 APR 2022,
LFBBACC_4,LFBBACC,between FL065..FL195,H24,0NM,Allowed,LFBB2,,,08 SEP 2023,
LFBBACC_2,LFBBACC,below FL065,H24,50NM,Allowed,LFBB1,-,,08 SEP 2023,
LFEEACC,LFEEACC,below FL195,H24,0NM,"Allowed
except to/from
LSAGACC
LSAZACC",LFEE1,LSLF400,,,
LFEEACC_4,LFEEACC execpt LFFRAC,above FL195,H24,0 NM,"Allowed
except to/from
LSAGACC
LSAZACC",LFEE2,LSLF400,,29 OCT 2021,
LFFFACC,LFFFACC,below FL65,H24,"10NM except LFFFEGA, LFRSLOW, LFRSNB","Allowed
except to/from
LSAGACC",LFFF1,LSLF400,,18 MAR 2022,
LFFFACC_4,"LFFFACC except (LFFRAC, LFFRASW)",above FL65,H24,0NM,"Allowed
except to/from
LSAGACC",LFFF2,LSLF400,,18 MAR 2022,
LFFFEGA,LFFFEGA,No Limit,H24,0 NM,,,,except POGOs within PARIS_GROUP,18 MAR 2022,
LFFRAC_FRA,LFFRAC,above FL195,H24,FRA,Not allowed,,,Free Route Airspace,29 OCT 2021,
LFFRAE_FRA,LFFRAE,above FL195,H24,FRA,"Not allowed except with LSAZACC, LSAGACC, EDYYUAC",,,,05 JAN 2024,
LFFRANW_FRA,LFFRANW,above FL195,H24,FRA,Not allowed,,,Free Route Airspace,29 OCT 2021,
LFFRASW_FRA,LFFRASW,above FL195,H24,FRA,Not allowed,,,Free Route Airspace,29 OCT 2021,
LFMMACC,LFMMACC,below FL195,H24,0NM,"Allowed
except to/from
LIRRACC
LIMMACC
LSAGACC",LFMM1,LSLF400,,,
LFMMACC_2,LFMMACC,above FL195,H24,0NM,"Allowed
except to/from
LIRRACC
LIMMACC
LSAGACC",LFMM2,LSLF400,,,
LFRRACC_2,LFRRACC,below FL195,H24,50NM,Allowed,LFRR1,-,,,
LFRRACC_4,LFRRACC except LFFRANW,above FL195,H24,0NM,Allowed,LFRR2,-,,29 OCT 2021,
LFRSLOW,LFRSLOW,Between FL065 .. FL115,H24,0 NM,,,,"LFRSLOW corresponds to SIV NANTES part 1 and part 2.1, Cf AIP France ENR 2.1.4",17 JUN 2022,
LFRSLOW_3,LFRSLOW,Between SFC..FL065,H24,20 NM,,,,"LFRSLOW corresponds to SIV NANTES part 1 and part 2.1, Cf AIP France ENR 2.1.4",17 JUN 2022,
LFRSLU,LFRSLU,Between FL115 .. FL195,H24,0 NM,,,,"LFRSLU corresponds to NANTES CTA Part A, Cf AIP France ENR 2.1.2",01 APR 2022,
LFRSNB,LFRSNB,Between FL115 .. FL145,H24,0 NM,,,,"LFRSNB corresponds to NANTES CTA Part B, cf AIP FRANCE ENR 2.1.2",01 APR 2022,
LGGGACC,LGGGACC,BLW FL305,H24,0NM EXC FLT-TYPE (M),NOT ALW,LG1,"LALG400
LGLT400
LGLC400
LGHE400
LGLI400
LGLM400",,19 SEP 2024,
LGGGACC_FRA,LGGGACC,ABV FL305, H24,FRA,NOT ALW,,,Free Route Airspace,19 SEP 2024,
LGMDACC,LGMDACC,BLW FL305,H24,0NM EXC FLT-TYPE (M),NOT ALW,LG1,"LALG400
LGLW400
LGLB400
LGLT400",,19 SEP 2024,
LGMDACC_FRA,LGMDACC,ABV FL305,H24,FRA,NOT ALW,,,Free Route Airspace,19 SEP 2024,
LHCCACC_FRA,LHCCACC,,H24,FRA,"NOT ALW EXC BIDI (XNG LHCCACC - (LRBBACC, LZBBACC) BDRY)",,,"Free Route Airspace
(see LH AIP)
SEEFRA",10 FEB 2025,
LIBBACC,LIBBACC,GND-FL195,H24,0NM,Not allowed,LI1,-,,31 JAN 2024,
LIBBACC_FRA,LIBBACC,ABV FL195,H24,FRA,Allowed to/from all SECSI FRA ACCs,-,-,Free Route Airspace,14 MAR 2024,
LIMMACC,LIMMACC,GND-FL195,H24,0NM,Not allowed,LI1,-,,31 JAN 2024,
LIMMACC_FRA,LIMMACC,ABV FL195,H24,FRA,Allowed to/from all SECSI FRA ACCs,-,-,Free Route Airspace,14 MAR 2024,
LIPPACC,LIPPACC,GND-FL195,H24,0NM,Not allowed,LI1,-,,31 JAN 2024,
LIPPACC_FRA,LIPPACC,ABV FL195,H24,FRA,Allowed to/from all SECSI FRA ACCs,-,-,Free Route Airspace,14 MAR 2024,
LIRRACC,LIRRACC,GND-FL195,H24,0NM,Not allowed,LI1,-,,31 JAN 2024,
LIRRACC_FRA,LIRRACC,Above FL195,H24,FRA,Allowed to/from all SECSI FRA ACCs,-,-,Free Route Airspace,14 MAR 2024,
LJLAACC_FRA,LJLAACC,,H24,FRA,"NOT ALW EXC BIDI (XNG LJLAACC - (LO**APP, LOVVACC, LDZOACC, LQSBACC, LYBAACC, LIRRACC, LIBBACC, LIPPACC, LIMMACC, LWSSACC, LAAAACC) BDRY)",,,"Free Route Airspace
SECSI FRA + FRAIT",10 FEB 2025,
LJMBAPP,LJMBAPP,,H24,0NM,NOT ALW,LJ2,-,,27 JUL 2024,
LJPZAPP,LJPZAPP,,H24,0NM,NOT ALW,LJ2,-,,27 JUL 2024,
LKAAACC,LKAAACC,BLW FL95,H24,0NM,NOT ALW,,,,02 AUG 2024,
LKAAACC_FRA,LKAAACC,ABV FL95,"H24
----------
H24","FRA
----------
FRA","NOT ALW BIDI (XNG (EDUUUAC-LKAAACC, EDMMACC-LKAAACC) BDRY)
----------
ALW BIDI (XNG (LZBBACC - LKAAACC, EPWWACC-LKAAACC, LOVVACC-LKAAACC, LOWWAPP-LKAAACC, LOWLTMA-LKAAACC) BDRY)","
----------
","
----------
",,08 NOV 2024,
LKPRAPP,LKPRAPP,BLW FL165,H24,0NM,NOT ALW,,,,02 AUG 2024,
LLLLACC,LLLLACC,,H24,0NM,NOT ALW,LL1,-,,26 SEP 2024,
LMMMACC,LMMMACC,BLW FL195,H24,0NM,NOT ALW,LM1,LMLI400,,12 SEP 2024,
LMMMACC_FRA,LMMMACC,ABV FL195,H24,FRA,NOT ALW,,,Free Route Airspace,10 FEB 2025,
LOWIATA,LOWIATA1,,H24,0NM,NOT ALW,LO2,"LOLS400
LOLI400
LOED400",,17 JUL 2024,
LPPCACC,LPPCACC,BLW FL245,H24,300NM,"ALW EXC BIDI (XNG LPPACACC - (GCCCACC, GMMMACC, LECMACC, LECSACC) BDRY)",LP2,"LPGC400
LPGM400
LPLE400",,10 FEB 2025,
LPPCACC_FRA,LPPCACC,ABV FL245,H24,FRA,"ALW EXC BIDI (XNG LPPACACC - (GCCCACC, GMMMACC, LECMACC, LECSACC) BDRY)",-,-,Free Route Airspace,10 FEB 2025,
LPPOACC,LPPOACC,,H24,,"ALW EXC BIDI (XNG LPPACACC - (GCCCACC, GMMMACC, LECMACC, GVSCACC) BDRY)",,"LPGC400
LPGM400
LPGV400
LPLE400",,10 FEB 2025,
LQSBACC,LQSBACC,BLW FL205,H24,0NM,NOT ALW,LQ1,,,12 AUG 2024,
LQSBACC_FRA,LQSBACC,ABV FL205,H24,FRA,"NOT ALW EXC XNG LQSBACC - (LDZOACC, LYBAACC) BDRY",-,-,Free Route Airspace,12 AUG 2024,
LRBBACC,LRBBACC,BLW FL105,H24,0NM,NOT ALW,LR1,LRLU400,,10 FEB 2025,
LRBBACC_FRA,LRBBACC,ABV FL105,H24,FRA,"NOT ALW EXC BIDI (XNG LRBBACC - LBSRACC, LHCCACC, LUUUACC) DBRY)",-,-,"Free Route Airspace
(see LR AIP)
SEEFRA",10 FEB 2025,
LSAGACC,LSAGACC,BLW FL195,H24,0NM,NOT ALW,LS1,LSLF400,For Type X and Type M flights contact LSAG,15 FEB 2025,
LSAGACC_FRA,LSAGACC,ABV FL195,H24,FRA,"NOT ALW EXC BIDI (XNG LSAGACC - (LSAZACC, LFFRAE) BDRY)",,,FRACH,15 FEB 2025,
LSAZACC,LSAZACC,BLW FL195,H24,0NM,NOT ALW EXC DEP BASEL_GROUP & VIA OLBEN,LS1,,For Type X and Type M flights contact LSAZ,15 FEB 2025,
LSAZACC_FRA,LSAZACC,BTN FL195-FL245,"H24
----------
04:00-22:30 (03:00-21:30)
----------
22:30-04:00 (21:30-03:00)
----------
04:00-22:30 (03:00-21:30)
----------
22:30-04:00 (21:30-03:00)","FRA
----------
FRA
----------
FRA
----------
FRA
----------
FRA","NOT ALW EXC BIDI (XNG LSAZACC - (LSAGACC, LFFRAE) BDRY)

----------
NOT ALW EXC BIDI (XNG LSAZACC - (LSAGACC, LFFRAE, EDUUUAC WEST) BDRY)
----------
NOT ALW EXC BIDI (XNG LSAZACC - (LSAGACC, LFFRAE, EDUUUAC WEST, EDMMACC SOUTH) BDRY)
----------
NOT ALW EXC BIDI (XNG LSAZACC - (LSAGACC, LFFRAE, EDUUUAC SOUTH, EDUUUAC WEST) BDRY)
----------
NOT ALW EXC BIDI (XNG LSAZACC - (LSAGACC, LFFRAE, EDUUUAC SOUTH, EDUUUAC WEST, EDMMACC SOUTH) BDRY)","
----------

----------

----------

----------
","
----------

----------

----------

----------
",FRACH,15 FEB 2025,
LT**TMA,LT**TMA there are 36 TMA's,No Limit,H24,No limit,Not allowed,-,-,,,
LTAAACC,LTAAACC,No Limit,H24,"0NM
(except typ M 50nms)",Not allowed,"LT1
LT2
LT3","LTLG400
LTOI400
LTOR400
LTOS400
LTUU400
LTUD400
LTUG400
LTUK400",,,
LUUUACC,LUUUACC,BLW FL095,H24,0NM,NOT ALW,LU1,"LULR400
LUUK400",,12 SEP 2024,
LUUUACC_FRA,LUUUACC,ABV FL095,H24,FRA,ALW BIDI (XNG LRBBACC - LUUUACC BDRY),,,"Free Route Airspace
(see LU AIP)",12 SEP 2024,
LWSSACC,LWSSACC,BLW FL205,H24,0NM,NOT ALW,LW1,"LALW400
LGLW400",,10 FEB 2025,
LWSSACC_FRA,LWSSACC,ABV FL205,H24,FRA,NOT ALW EXC VIA SECSI FRA,,,"Free Route Airspace
(see LW AIP)",10 FEB 2025,
LYBAACC,LYBAACC,BLW FL205,H24,0NM,NOT ALW,LY1,"LYLB400
LYLA400",,08 SEP 2024,
LYBAACC_FRA,LYBAACC,ABV FL205,H24,FRA,"ALW BIDI (XNG (LAAAACC
LDZOACC
LIBBACC
LIMMACC
LIPPACC
LIRRACC
LJLAACC
LO**APP
LOVVACC
LQSBACC
LWSSACC) - BDRY)",-,-,"Free Route Airspace 
(see AIP Serbia/Montenegro)
SECSI FRA",08 SEP 2024,
LZBBACC,LZBBACC,BLW FL245,H24,0NM,NOT ALW,LZ1,,,27 JUL 2024,
LZBBACC_FRA_2,LZBBACC,ABV FL245,H24,FRA,"NOT ALW EXC BIDI (XNG LZBBACC - (LHCCACC,   EPWWACC,  LKAAACC,  LOVVACC) BDRY",,,Free Route Airspace,10 FEB 2025,
UDDDACC,UDDDACC,BLW FL195,H24,250NM,NOT ALW,UD1,"LTUD400
UGUD400
UDUB400
UDOI400",,02 JUL 2024,
UDDDACC_FRA,UDDDACC,ABV FL195,H24,FRA,ALW BIDI (XNG UDDDACC - UGGGACC BDRY),-,-,"Free Route Airspace
FRASC",02 JUL 2024,
UGGGACC_FRA,UGGGACC,No Limit,H24,FRA,NOT ALW EXC BIDI (XNG UGGGACC - UDDDACC BDRY),,,Free Route Airspace,10 FEB 2025,
UKBVACC_2,UKBVACC,Between FL125..FL275,H24,"0NM
Except Type M and training flights","Not allowed
Except Type M and training flights
to/from
UKBVACC/UKLVACC/UKDVACC (except UKDVK Zone 2)/UKOVACC (except UKOVS/UKOVL/UKOVU)",UK1,"EPUK400
LUUK400
UKLB400
LTUK400
UKUM400
UKUU400",,,
UKBVACC,UKBVACC,Below FL125,H24,"50NM
Except Type M and training flights","Not allowed
Except Type M and training flights
to/from
UKBVACC/UKLVACC/UKDVACC (except UKDVK Zone 2)/UKOVACC (except UKOVS/UKOVL/UKOVU)",UK2,"EPUK400
LUUK400
UKLB400
LTUK400
UKUM400
UKUU400",,,
UKBVACC_FRA,UKBVACC,Above FL275,H24,FRA,"Allowed to/from
1. UKBVACC/UKLVACC/UKDVACC (except UKDVK Zone 2)
2. Type M and training flights to/from  UKBVACC/UKLVACC/UKDVACC (except UKDVK Zone 2)/UKOVACC (except UKOVS/UKOVL/UKOVU)",-,-,"Free Route Airspace
(see AIP of UKRAINE)
UKNESFRA",09 JUL 2021,
UKDVACC_1,"UKDVACC
(Only UKDVK Zone 2)",No Limit,H24,0NM,Not allowed,UK3,-,,16 APR 2021,
UKDVACC_2,"UKDVACC
(except UKDVK Zone 2)",Between FL125..FL275,H24,"0NM
Except Type M and training flights","Not allowed
Except Type M and training flights
to/from
UKBVACC/UKLVACC/UKDVACC (except UKDVK Zone 2)/UKOVACC (except UKOVS/UKOVL/UKOVU)",UK1,"EPUK400
LUUK400
UKLB400
LTUK400
UKUM400
UKUU400",,,
UKDVACC,"UKDVACC
(except UKDVK Zone 2)",Below FL125,H24,"50NM
Except Type M and training flights","Not allowed
Except Type M and training flights
to/from
UKBVACC/UKLVACC/UKDVACC (except UKDVK Zone 2)/UKOVACC (except UKOVS/UKOVL/UKOVU)",UK2,"EPUK400
LUUK400
UKLB400
LTUK400
UKUM400
UKUU400",,,
UKDVACC_FRA,UKDVACC (except UKDVK Zone 2),Above FL275,H24,FRA,"Allowed to/from
1. UKBVACC/UKLVACC/UKDVACC (except UKDVK Zone 2)
2. Type M and training flights to/from UKBVACC/UKLVACC/UKDVACC (except UKDVK Zone 2)/UKOVACC (except UKOVS/UKOVL/UKOVU)",-,-,"Free Route Airspace
(see AIP of UKRAINE)
UKNESFRA",09 JUL 2021,
UKLVACC_2,UKLVACC,Between FL125..FL275,H24,"0NM
Except Type M and training flights","Not allowed
Except Type M and training flights
to/from
UKBVACC/UKLVACC/UKDVACC (except UKDVK Zone 2)/UKOVACC (except UKOVS/UKOVL/UKOVU)",UK1,"EPUK400
LUUK400
UKLB400
LTUK400
UKUM400
UKUU400",,,
UKLVACC,UKLVACC,Below FL125,H24,"50NM
Except Type M and training flights","Not allowed
Except Type M and training flights
to/from
UKBVACC/UKLVACC/UKDVACC (except UKDVK Zone 2)/UKOVACC (except UKOVS/UKOVL/UKOVU)",UK2,"EPUK400
LUUK400
UKLB400
LTUK400
UKUM400
UKUU400",,,
UKLVACC_FRA,UKLVACC,Above FL275,H24,FRA,"Allowed to/from
1. UKBVACC/UKLVACC/UKDVACC (except UKDVK Zone 2)
2. Type M and training flights
to/from
UKBVACC/UKLVACC/UKDVACC (except UKDVK Zone 2)/UKOVACC (except UKOVS/UKOVL/UKOVU)",-,-,"Free Route Airspace
(see AIP of Ukraine)
UKNESFRA",09 JUL 2021,
UKOVACC_FRA_4,UKOVACC,Above FL275,H24,FRA,"Not allowed
Except Type M and training flights
to/from
UKBVACC/UKLVACC/UKDVACC (except UKDVK Zone 2)/UKOVACC (except UKOVS/UKOVL/UKOVU)
",,,"Free Route Airspace
(see  AIP of Ukraine)
UKODSFRA",29 OCT 2021,
UKOVACC_3,"UKOVACC
(Only UKOVS/UKOVL/UKOVU)",Below FL275,H24,0NM,Not allowed,UK3,-,,29 OCT 2021,
UKOVACC_2,"UKOVACC
(except UKOVS/UKOVL/UKOVU)",Between FL125..FL275,H24,"0NM
Except Type M and training flights","Not allowed
Except Type M and training flights
to/from
UKBVACC/UKLVACC/UKDVACC (except UKDVK Zone 2)/UKOVACC (except UKOVS/UKOVL/UKOVU)",UK1,"EPUK400
LUUK400
UKLB400
LTUK400
UKUM400
UKUU400",,,
UKOVACC,"UKOVACC
(except UKOVS/UKOVL/UKOVU)",Below FL125,H24,"50NM
Except Type M and training flights","Not allowed
Except Type M and training flights
to/from
UKBVACC/UKLVACC/UKDVACC (except UKDVK Zone 2)/UKOVACC (except UKOVS/UKOVL/UKOVU)",UK2,"EPUK400
LUUK400
UKLB400
LTUK400
UKUM400
UKUU400",,,
