,,,,,
,,,,,
,,,,,
,,,,,
,,,,,
,,,,,
,,,,,
,,,,,
,,,,,
,,,,,
,,,,,
,,,,,
,,,,,
,,,,,
,,,Special Events,,
,,,,,
,,,Annex,Description,CHG
,,,Annex 1,GRAMMAR,NO
,,,Annex 2A,Summer2025,NO
,,,Annex 2B,"NATO_summit_2025, PSYCHE_LINKS, Summer2025",NO
,,,Annex 2C,"Drone_surveillance_insight25, MARTE_APERTO_AIP_AIRAC_SUP_S11_25, PSYCHE_LINKS",NO
,,,Annex 3A Conditions,,NO
,,,Annex 3A ARR,ONU_MEETING_ADJUSTMNTS,NO
,,,Annex 3A DEP,"NATO_summit_2025, ONU_MEETING_ADJUSTMNTS",NO
,,,Annex 3B DCT,,NO
,,,Annex 3B FRA LIM,,NO
,,,,,
,,,,,
,,,,,
,,,,,
,,,,,
,,,,,
,,,,,
,,,,,
,,,,,
,,,,,
,,,,,
,,,,,
,,,,,
