Restriction Id,Expression Type,Cond Element Type,Condition Element Val1,Condition Element Val2,Reference,Exceeded Length,Operation,Restr Cond Expr Restr UID,Lower Vertical Limit,Upper Vertical Limit
BL100A,CL,AS,BALTFRA,NULL,Y,0,NULL,BL100A,NULL,NULL
BLES501A,CL,ASB,BALTFRA,ESDCTX,Y,0,NULL,BLES501A,NULL,NULL
BLFDCT500A,CL,ASB,BALTFRA,EPWWDCT,Y,0,NULL,BLFDCT500A,NULL,NULL
DTLI500A,CL,ASB,DTFRA,LIFRA,Y,0,NULL,DTLI500A:1,305,999
DUNDME500A,CL,ASB,EDUUFRAN,EDMMFRAE,Y,0,NULL,DUNDME500A,NULL,NULL
EDAEDA500F,CL,ASB,EDUUFRAN,EDWWCTA,Y,0,NULL,EDAEDA500F,NULL,NULL
EDLK500A,CL,ASB,EDDCT1,LKAAFRA,Y,0,NULL,EDLK500A:1,NULL,NULL
EDMEGG500A,CL,ASB,EDGGSCTA,EDMMFRAE,Y,0,NULL,EDMEGG500A,NULL,NULL
EDMSLI500A,CL,ASB,EDMMFRAS,LIFRA,Y,0,NULL,EDMSLI500A,NULL,NULL
EDREDR500B,CL,ASB,EDUUFRAE,EDMMCTA,Y,0,NULL,EDREDR500B,NULL,NULL
EDREDR500F,CL,ASB,EDMMCTA,EDUUFRAE,Y,0,NULL,EDREDR500F,NULL,NULL
EDSDUW500A,CL,ASB,EDMMFRAS,EDUUFRAW,Y,0,NULL,EDSDUW500A,NULL,NULL
EDUEDU500A,CL,ASB,EDUUFRAW,EDUUNFRAW,Y,0,NULL,EDUEDU500A,NULL,NULL
EDUNYX500A,CL,ASB,EDUUFRAN,EDYYFRA,Y,0,NULL,EDUNYX500A,NULL,NULL
EDUU100W,CL,AS,EDUUFRAW,NULL,Y,0,NULL,EDUU100W,NULL,NULL
EDYX500A,CLG,,NULL,NULL,N,0,OR,EDYX500A,NULL,NULL
EGLFRW501A,CL,ASB,EGTTNFRAW,LFFRANW,Y,0,NULL,EGLFRW501A,NULL,NULL
EGPXEI500A,CL,ASB,EGPXFRA,EISNFRA,Y,0,NULL,EGPXEI500A,NULL,NULL
EGPXEI501A,CL,ASB,EGPXNFRA,EISNFRA,Y,0,NULL,EGPXEI501A,NULL,NULL
EGPXEI501A,FP,FTYPE,,NULL,N,0,NULL,EGPXEI501A,NULL,NULL
EGPXEK500A,CL,ASB,EKDCTX,EGPXFRA,Y,0,NULL,EGPXEK500A,NULL,NULL
EGPXGX500A,CL,ASB,EGGXOCA,EGPXFRA,Y,0,NULL,EGPXGX500A,NULL,NULL
EGTWTW500A,CL,ASB,EGTTNFRAW,EGTTFRAW,Y,0,NULL,EGTWTW500A,NULL,NULL
EGYX501A,CL,ASB,EGPXFRA,EDYYFRA,Y,0,NULL,EGYX501A,NULL,NULL
EHYX500A,CLG,,NULL,NULL,N,0,OR,EHYX500A,NULL,NULL
EIEGTT500A,CL,ASB,EISNFRA,EGTTNFRA,Y,0,NULL,EIEGTT500A,NULL,NULL
EILFR500A,CL,ASB,EISNFRA,LFRRDCTX,Y,0,NULL,EILFR500A,NULL,NULL
EISN100A,CL,AS,EISNFRA,NULL,Y,0,NULL,EISN100A,NULL,NULL
EPEDME500A,CL,ASB,EPFRA,EDMMFRAE,Y,0,NULL,EPEDME500A,NULL,NULL
EPFDCT500A,CL,ASB,EPFRA,EPWWDCT,Y,0,NULL,EPFDCT500A,NULL,NULL
EPLZN500A,CL,ASB,EPFRA,LZNFRA,Y,0,NULL,EPLZN500A:1,NULL,NULL
EPNSEE500A,CL,ASB,EPNFRA,SEEFRA,Y,0,NULL,EPNSEE500A,NULL,NULL
EPSEE500A,CL,ASB,EPFRA,SEEFRA,Y,0,NULL,EPSEE500A,NULL,NULL
EYUMKK500A,CL,ASB,UMKKFRA,EYFRA,Y,0,NULL,EYUMKK500A,NULL,NULL
GCLP500A,CL,ASB,GCFRA,LPPCFRA,Y,0,NULL,GCLP500A:1,NULL,NULL
GMACGC500A,CL,ASB,GMACFRA,GCFRA,Y,0,NULL,GMACGC500A:1,NULL,NULL
GMGM500A,CL,ASB,GMACFRA,GMACNFRA,Y,0,NULL,GMGM500A:1,NULL,NULL
GVGC500A,CL,ASB,GVSCCTA,GCFRA,Y,0,NULL,GVGC500A,305,660
LBLR502A,CL,ASB,LBFRA,LRFRA,Y,0,NULL,LBLR502A,NULL,NULL
LBSEE500D,CL,ASB,LBFRA,SEEFRA,Y,0,NULL,LBSEE500D:1,NULL,NULL
LCLC500D,CL,ASB,LCNONFRA,LCFRA,Y,0,NULL,LCLC500D,NULL,NULL
LCLG501A,CL,ASB,LCFRA,LGNFRA,Y,0,NULL,LCLG501A,NULL,NULL
LCLL500A,CL,ASB,LCFRA,LLDCT,Y,0,NULL,LCLL500A,NULL,NULL
LEBOTA500A,CL,ASB,HISPAFRA1,LFBOTA,Y,0,NULL,LEBOTA500A,245,660
LFBB100A,CL,AS,LFFRASW,NULL,Y,0,NULL,LFBB100A:1,NULL,NULL
LFMMLE500A,CL,ASB,LFMMFRA,HISPAFRA1,Y,0,NULL,LFMMLE500A,NULL,NULL
LFRBOT500A,CL,ASB,LFFRANW,LFBOTA,Y,0,NULL,LFRBOT500A,NULL,NULL
LFRWEG500A,CL,ASB,LFFRANW,EGTTNFRAW,Y,0,NULL,LFRWEG500A,NULL,NULL
LGHL500A,CLG,,NULL,NULL,N,0,OR,LGHL500A,NULL,NULL
LGLT500A,CL,ASB,LGFRA,LTDCT,Y,0,NULL,LGLT500A,NULL,NULL
LGSEC500A,CL,ASB,LGFRA,SECSI,Y,0,NULL,LGSEC500A,NULL,NULL
LILF500A,CL,ASB,LIFRA,LFMMFRA,Y,0,NULL,LILF500A:1,305,999
LILJPZ500A,CL,ASB,LIFRA,LJPZFRA,Y,0,NULL,LILJPZ500A,NULL,NULL
LILS500A,CL,ASB,LIFRA,LSASFRA,Y,0,NULL,LILS500A:1,NULL,NULL
LMDT500A,CLG,,NULL,NULL,N,0,OR,LMDT500A:1,NULL,NULL
LMDT500A,CL,ASB,DTFRA,LMFRA,Y,0,NULL,LMDT500A:1,NULL,NULL
LMLM500D,CL,ASB,LMNONFRA,LMFRA,Y,0,NULL,LMLM500D,NULL,NULL
LOEDMS500A,CL,ASB,SECSI,EDMMFRAS,Y,0,NULL,LOEDMS500A,NULL,NULL
LOLJMB500A,CL,ASB,SECSI,LJMBFRA,Y,0,NULL,LOLJMB500A,NULL,NULL
LPGM500A,CL,ASB,LPPCFRA,GMACDCT,Y,0,NULL,LPGM500A,245,999
LRLU500A,CL,ASB,LRFRA,LUFRA,Y,0,NULL,LRLU500A,NULL,NULL
LRSEE500D,CL,ASB,LRFRA,SEEFRA,Y,0,NULL,LRSEE500D:1,NULL,NULL
LSLI500A,CL,ASB,LSASFRA,LIFRA,Y,0,NULL,LSLI500A:1,NULL,NULL
LSLS500A,CL,ASB,LSASFRA,LSNFRA,Y,0,NULL,LSLS500A,NULL,NULL
LUUK502A,CL,ASB,LUFRA,UKODSFRA,Y,0,NULL,LUUK502A,NULL,NULL
LYSEC500A,CL,ASB,SECSI,LYPRTMA,Y,0,NULL,LYSEC500A,NULL,NULL
NEEDUN500A,CL,ASB,NEFRAX,EDUUFRAN,Y,0,NULL,NEEDUN500A,NULL,NULL
NEEG501A,,GROUP,,NULL,N,0,NOT,NEEG501A,NULL,NULL
NEEN500A,CLG,,NULL,NULL,N,0,OR,NEEN500A,NULL,NULL
NEEN500A,CL,ASB,NEFRAX,ENDCTX,Y,0,NULL,NEEN500A,NULL,NULL
NEEY500A,CL,ASB,NEFRAX,EYFRA,Y,0,NULL,NEEY500A,NULL,NULL
NEFRAX100A,CL,AS,NEFRAX,NULL,Y,0,NULL,NEFRAX100A,NULL,NULL
NEUM500A,CL,ASB,NEFRAX,UMMVCTA,Y,0,NULL,NEUM500A,NULL,NULL
OSLC500A,CL,ASB,OSDICTA,LCFRA,Y,0,NULL,OSLC500A,NULL,NULL
SECSI100B,CL,AS,SECSI,NULL,Y,0,NULL,SECSI100B,NULL,NULL
SEEBL500A,CL,ASB,SEEFRA,BALTFRA,Y,0,NULL,SEEBL500A,NULL,NULL
SEELB500A,CL,ASB,SEEFRA,LBFRA,Y,0,NULL,SEELB500A:1,NULL,NULL
UGLT500A,CL,ASB,UGFRA,LTFRA,Y,0,NULL,UGLT500A,000,195
UGUD100A,CL,AS,FRASC,NULL,Y,0,NULL,UGUD100A,195,999
UGUDUB500A,CL,ASB,FRASC,UBFRA,Y,0,NULL,UGUDUB500A,195,999
UGUG500D,CL,ASB,UGFRA,UGFRA,Y,0,NULL,UGUG500D:1,195,CEL
UK100B,CL,AS,UKNESFRA,NULL,Y,0,NULL,UK100B,275,999
UKDVUK500A,CL,ASB,UKNESFRA,UKNFRA,Y,0,NULL,UKDVUK500A,275,999
UKLU500A,CL,ASB,UKNESFRA,LUFRA,Y,0,NULL,UKLU500A,NULL,NULL
UKODS100A,,GROUP,,NULL,N,0,NOT,UKODS100A,NULL,NULL
UKODS100A,FP,FTYPE,,NULL,N,0,NULL,UKODS100A,NULL,NULL
UKOVLR501A,CL,ASB,UKODSFRA,LRFRA,Y,0,NULL,UKOVLR501A:1,NULL,NULL
UKUK500D,CL,ASB,UKNESFRA,UKNESFRA,Y,0,NULL,UKUK500D,275,CEL
UUNE500A,,GROUP,,NULL,N,0,AND,UUNE500A,NULL,NULL
UUNE500A,CL,ASB,UDCT,NEFRAX,Y,0,NULL,UUNE500A,NULL,NULL
YXEDUN500A,CL,ASB,EDYYFRA,EDUUFRAN,Y,0,NULL,YXEDUN500A,NULL,NULL
YXEK500A,CL,ASB,EDYYFRA,EKDCTX,Y,0,NULL,YXEK500A:1,NULL,NULL
BIEGPX500A,CLG,,NULL,NULL,N,0,OR,BIEGPX500A,NULL,NULL
BINE500A,FP,FTYPE,,NULL,N,0,NULL,BINE500A,NULL,NULL
BLEPLB500A,CL,ASB,BALTFRA,EPLBTMA,Y,0,NULL,BLEPLB500A,NULL,NULL
BLEPLB500A,CL,ASB,EPLBTMA,BALTFRA,Y,0,NULL,BLEPLB500A,NULL,NULL
BLES500A,CLG,,NULL,NULL,N,0,OR,BLES500A,NULL,NULL
BLUMMV500A,CL,ASB,BALTFRA,UMMVCTA,Y,0,NULL,BLUMMV500A,NULL,NULL
DALE500A,CL,ASB,DAAACTA,HISPAFRA1,Y,0,NULL,DALE500A,245,660
DUEDUW500A,CL,ASB,EDUUFRAE,EDUUFRAW,Y,0,NULL,DUEDUW500A,NULL,NULL
DUWDUE500A,CL,ASB,EDUUFRAW,EDUUFRAE,Y,0,NULL,DUWDUE500A,NULL,NULL
EDMDUW500A,CL,ASB,EDMMFRAE,EDUUFRAW,Y,0,NULL,EDMDUW500A:1,NULL,NULL
EDMDWE500A,CL,ASB,EDMMFRAE,EDWWFRAE,Y,0,NULL,EDMDWE500A,NULL,NULL
EDMEDM500A,CLG,,NULL,NULL,N,0,OR,EDMEDM500A,NULL,NULL
EDUESE500A,CL,ASB,EDUUFRAE,SEEFRA,Y,0,NULL,EDUESE500A,NULL,NULL
EDUU100E,CL,AS,EDUUFRAE,NULL,Y,0,NULL,EDUU100E,NULL,NULL
EDUWLF500A,CL,ASB,EDUUFRAW,LFFNE,Y,0,NULL,EDUWLF500A,NULL,NULL
EDWEDW500A,CLG,,NULL,NULL,N,0,OR,EDWEDW500A,NULL,NULL
EDWEEP502A,CL,ASB,EDWWCTA,EPFRA,Y,0,NULL,EDWEEP502A,245,285
EDYX500A,CL,ASB,EDYYFRA,EDDCTX,Y,0,NULL,EDYX500A,NULL,NULL
EGNE500A,FP,FTYPE,,NULL,N,0,NULL,EGNE500A,NULL,NULL
EGPXEK500A,CLG,,NULL,NULL,N,0,OR,EGPXEK500A,NULL,NULL
EGYX502A,CL,ASB,EGPXNFRA,EDYYFRA,Y,0,NULL,EGYX502A:1,NULL,NULL
EIEGGX500A,CL,ASB,EISNFRA,EGGXOCA,Y,0,NULL,EIEGGX500A,NULL,NULL
EIEGTT502A,,GROUP,,NULL,N,0,AND,EIEGTT502A,NULL,NULL
EILF500A,CLG,,NULL,NULL,N,0,OR,EILF500A:1,NULL,NULL
EPEDUE500A,CL,ASB,EPFRA,EDUUFRAE,Y,0,NULL,EPEDUE500A,NULL,NULL
EPFDCT500A,CL,ASB,EPWWDCT,EPFRA,Y,0,NULL,EPFDCT500A,NULL,NULL
EPFEPN500A,CLG,,NULL,NULL,N,0,OR,EPFEPN500A,NULL,NULL
EPNE501A,CLG,,NULL,NULL,N,0,OR,EPNE501A,NULL,NULL
EPNE501A,CL,ASB,EPFRA,ESDCTX,Y,0,NULL,EPNE501A,NULL,NULL
EPSELK500A,CL,ASB,EPFRA,LKSEEFRA,Y,0,NULL,EPSELK500A,NULL,NULL
ESEDWE500A,CL,ASB,ESDCTX,EDWWFRAE,Y,0,NULL,ESEDWE500A:1,NULL,NULL
GCGC660A,CL,ASB,GCFRA,GCFRA,Y,0,NULL,GCGC660A,660,660
GCGO500A,CL,ASB,GOOOCTA,GCFRA,Y,0,NULL,GCGO500A,305,660
GMAC100B,CL,AS,GMACFRA,NULL,Y,0,NULL,GMAC100B,NULL,NULL
GMGMAC500A,CL,ASB,GMMMCTA,GMACFRA,Y,0,NULL,GMGMAC500A,NULL,NULL
LBLB500A,CL,ASB,LBFRA,LBNONFRA,Y,0,NULL,LBLB500A,NULL,NULL
LBSECN500A,CL,ASB,LBFRA,SECSI3,Y,0,NULL,LBSECN500A,NULL,NULL
LC100A,CL,AS,LCFRA,NULL,Y,0,NULL,LC100A:1,NULL,NULL
LELE500D,CL,ASB,HISPAFRA1,HISPAFRA1,Y,0,NULL,LELE500D:1,245,CEL
LELPPO500A,CL,ASB,LPPOOCA,HISPAFRA1,Y,0,NULL,LELPPO500A,245,660
LFCSW500A,CL,ASB,LFFRAC,LFFRASW,Y,0,NULL,LFCSW500A,NULL,NULL
LFEDUW500A,CL,ASB,LFFNE,EDUUFRAW,Y,0,NULL,LFEDUW500A,NULL,NULL
LFFFLS500A,CL,ASB,LFFRAC,LSASFRA,Y,0,NULL,LFFFLS500A,NULL,NULL
LFFFMM500A,CL,ASB,LFFRAC,LFMMFRA,Y,0,NULL,LFFFMM500A,NULL,NULL
LG100B,CL,AS,LGFRA,NULL,Y,0,NULL,LG100B:1,NULL,NULL
LGHL500A,CL,ASB,HLFRA,LGFRA,Y,0,NULL,LGHL500A,NULL,NULL
LGSEE500A,CL,ASB,LGFRA,SEEFRA,Y,0,NULL,LGSEE500A,NULL,NULL
LHLJMB500A,CL,ASB,LHFRA,LJMBFRA,Y,0,NULL,LHLJMB500A,NULL,NULL
LHLR500A,CL,ASB,LHFRA,LRFRA,Y,0,NULL,LHLR500A,NULL,NULL
LHLZN500A,CL,ASB,LHFRA,LZNFRA,Y,0,NULL,LHLZN500A,NULL,NULL
LHSEE500D,CL,ASB,LHFRA,SEEFRA,Y,0,NULL,LHSEE500D,NULL,NULL
LIDT500A,CL,ASB,LIFRA,DTFRA,Y,0,NULL,LIDT500A:1,195,999
LJMB100A,CL,AS,LJMBFRA,NULL,Y,0,NULL,LJMB100A:1,NULL,NULL
LJPZ100A,CL,AS,LJPZFRA,NULL,Y,0,NULL,LJPZ100A:1,NULL,NULL
LJPZLJ501A,CL,ASB,LJPZFRA,SECSI3,Y,0,NULL,LJPZLJ501A,NULL,NULL
LKED500A,CL,ASB,LKAAFRA,EDDCT1,Y,0,NULL,LKED500A:1,NULL,NULL
LKEP501A,CL,ASB,LKAAFRA,EPNFRA,Y,0,NULL,LKEP501A:2,NULL,NULL
LKPRLK500A,CL,ASB,LKPRAPP,LKAAFRA,Y,0,NULL,LKPRLK500A,NULL,NULL
LOLJLK501A,CL,ASB,SECSI,LKNFRA,Y,0,NULL,LOLJLK501A:1,NULL,NULL
LPGMAC500A,CL,ASB,LPPCFRA,GMACFRA,Y,0,NULL,LPGMAC500A:1,NULL,NULL
LPLP500D,CL,ASB,LPPCFRA,LPPCFRA,Y,0,NULL,LPLP500D:1,245,CEL
LR100A,CL,AS,LRFRA,NULL,Y,0,NULL,LR100A,NULL,NULL
LRAR100A,CL,AS,LRARTMA,NULL,Y,0,NULL,LRAR100A,NULL,NULL
LRCKLR500A,CL,ASB,LRCKTMA,LRFRA,Y,0,NULL,LRCKLR500A:1,NULL,NULL
LRLH500A,CL,ASB,LRFRA,LHFRA,Y,0,NULL,LRLH500A,NULL,NULL
LRLR500D,CL,ASB,LRNFRA,LRFRA,Y,0,NULL,LRLR500D,NULL,NULL
LRLRAR500A,CL,ASB,LRFRA,LRARTMA,Y,0,NULL,LRLRAR500A,NULL,NULL
LRLRCK500A,CL,ASB,LRFRA,LRCKTMA,Y,0,NULL,LRLRCK500A:1,NULL,NULL
LRLROP500A,CL,ASB,LRFRA,LROPTMA,Y,0,NULL,LRLROP500A:1,NULL,NULL
LRLY500A,CL,ASB,LRFRA,SECSI3,Y,0,NULL,LRLY500A,NULL,NULL
LRUKOV500A,CL,ASB,SEEFRA,UKODSFRA,Y,0,NULL,LRUKOV500A:1,NULL,NULL
LTUK500A,CL,ASB,LTAANCTA,UKODSFRA,Y,0,NULL,LTUK500A,NULL,NULL
LYSEC500A,CLG,,NULL,NULL,N,0,OR,LYSEC500A,NULL,NULL
LZLZ500A,CL,ASB,SEEFRA,LZNFRA,Y,0,NULL,LZLZ500A,NULL,NULL
NEBO500A,,GROUP,,NULL,N,0,AND,NEBO500A,NULL,NULL
NEBO500A,FP,FTYPE,,NULL,N,0,NULL,NEBO500A,NULL,NULL
NEEE500A,CL,ASB,NEFRAX,EEDCTX,Y,0,NULL,NEEE500A,NULL,NULL
NEEFHK500A,CLG,,NULL,NULL,N,0,OR,NEEFHK500A,NULL,NULL
NEES500A,CL,ASB,ESDCTX,NEFRAX,Y,0,NULL,NEES500A,NULL,NULL
NEUU500A,,GROUP,,NULL,N,0,AND,NEUU500A,NULL,NULL
OLLC500A,CL,ASB,OLBBCTA,LCFRA,Y,0,NULL,OLLC500A,NULL,NULL
SECEDU500A,CL,ASB,SECSI,EDUUFRAE,Y,0,NULL,SECEDU500A,NULL,NULL
SECEDU501A,CL,ASB,SECSI,EDUUFRAE,Y,0,NULL,SECEDU501A,NULL,NULL
SECSEC500A,CL,ASB,SECSI,SECSI3,Y,0,NULL,SECSEC500A,NULL,NULL
SECSI100A,CL,AS,SECSI,NULL,Y,0,NULL,SECSI100A,NULL,NULL
SEELG500A,CL,ASB,SEEFRA,LGFRA,Y,0,NULL,SEELG500A,NULL,NULL
UBUG500A,CL,ASB,UBFRA,UGFRA,Y,0,NULL,UBUG500A,000,195
UGUDOI500A,CL,ASB,FRASC,OIFRA,Y,0,NULL,UGUDOI500A,195,999
UKEP500A,CL,ASB,UKNESFRA,EPFRA,Y,0,NULL,UKEP500A,NULL,NULL
UKODS100A,,GROUP,,NULL,N,0,AND,UKODS100A,NULL,NULL
UKODS100A,CL,AS,UKODSFRA,NULL,Y,0,NULL,UKODS100A,275,999
UKOVUK500A,CL,ASB,UKODSFRA,UKNESFRA,Y,0,NULL,UKOVUK500A,275,999
YXEB500A,CL,ASB,EDYYFRA,EBDCTX,Y,0,NULL,YXEB500A,NULL,NULL
YXEDGG500A,CL,ASB,EDYYFRA,EDGGSCTA,Y,0,NULL,YXEDGG500A,NULL,NULL
BINE500A,CL,ASB,NEFRAX,BIRDCTA,Y,0,NULL,BINE500A,NULL,NULL
BLEDME500A,CL,ASB,BALTFRA,EDMMFRAE,Y,0,NULL,BLEDME500A,NULL,NULL
DUEDUN500A,CL,ASB,EDUUFRAE,EDUUFRAN,Y,0,NULL,DUEDUN500A,NULL,NULL
EDGGYX500A,CL,ASB,EDGGSCTA,EDYYFRA,Y,0,NULL,EDGGYX500A,NULL,NULL
EDLOLJ501A,CL,ASB,EDDCT1,SECSI,Y,0,NULL,EDLOLJ501A,000,245
EDMEDM500A,CL,ASB,EDMMNFRAS,EDMMFRAS,Y,0,NULL,EDMEDM500A,NULL,NULL
EDMM100S,CL,AS,EDMMFRAS,NULL,Y,0,NULL,EDMM100S,NULL,NULL
EDUEBL500A,CL,ASB,EDUUFRAE,BALTFRA,Y,0,NULL,EDUEBL500A,NULL,NULL
EDUEYX500A,CL,ASB,EDUUFRAE,EDYYFRA,Y,0,NULL,EDUEYX500A,NULL,NULL
EDUNBL500A,CL,ASB,EDUUFRAN,BALTFRA,Y,0,NULL,EDUNBL500A,NULL,NULL
EDUSEC500A,CL,ASB,EDUUFRAE,SECSI,Y,0,NULL,EDUSEC500A,NULL,NULL
EDUSEC501A,CL,ASB,EDUUFRAE,SECSI,Y,0,NULL,EDUSEC501A,NULL,NULL
EDWEEP500A,CL,ASB,EDWWFRAE,EPFRA,Y,0,NULL,EDWEEP500A,NULL,NULL
EDWEYX500A,CL,ASB,EDWWFRAE,EDYYFRA,Y,0,NULL,EDWEYX500A,NULL,NULL
EDWW100E,CL,AS,EDWWFRAE,NULL,Y,0,NULL,EDWW100E:1,NULL,NULL
EGLFRW500A,CL,ASB,EGTTNFRA,LFFRANW,Y,0,NULL,EGLFRW500A,NULL,NULL
EGPXEG500A,CL,ASB,EGPXFRA,EGTTNFRA,Y,0,NULL,EGPXEG500A,NULL,NULL
EGPXEI500A,FP,FTYPE,,NULL,N,0,NULL,EGPXEI500A,NULL,NULL
EGPXNN501A,,GROUP,,NULL,N,0,AND,EGPXNN501A,NULL,NULL
EGPXPX500A,CL,ASB,EGPXNFRA,EGPXFRA,Y,0,NULL,EGPXPX500A,NULL,NULL
EGTTW100A,CL,AS,EGTTFRAW,NULL,Y,0,NULL,EGTTW100A:1,NULL,NULL
EIDWEI500A,CL,ASB,EIDWDCT,EISNFRA,Y,0,NULL,EIDWEI500A,NULL,NULL
EIEGN500A,,GROUP,,NULL,N,0,AND,EIEGN500A,NULL,NULL
EIEGTT501A,,GROUP,,NULL,N,0,NOT,EIEGTT501A,NULL,NULL
EIEGTT501A,FP,FTYPE,,NULL,N,0,NULL,EIEGTT501A,NULL,NULL
EPEPLB500A,CL,ASB,EPLBTMA,EPFRA,Y,0,NULL,EPEPLB500A,NULL,NULL
EPFDCT500A,CLG,,NULL,NULL,N,0,OR,EPFDCT500A,NULL,NULL
EPSELZ500A,CL,ASB,EPFRA,LZFRA,Y,0,NULL,EPSELZ500A,NULL,NULL
EPUMKK500A,CL,ASB,EPFRA,UMKKFRA,Y,0,NULL,EPUMKK500A,NULL,NULL
EYBL500A,CL,ASB,EYDCTX,BALTFRA,Y,0,NULL,EYBL500A,NULL,NULL
EYEY500D,CL,ASB,EYFRA,EYDCTX,Y,0,NULL,EYEY500D,NULL,NULL
EYNE500A,,GROUP,,NULL,N,0,NOT,EYNE500A,NULL,NULL
EYUMKK500A,CLG,,NULL,NULL,N,0,OR,EYUMKK500A,NULL,NULL
GCGMMM500A,CL,ASB,GCFRA,GMMMCTA,Y,0,NULL,GCGMMM500A,305,660
LBLB500A,CL,ASB,LBNONFRA,LBFRA,Y,0,NULL,LBLB500A,NULL,NULL
LBLGN500A,CL,ASB,LBFRA,LGNFRA,Y,0,NULL,LBLGN500A,NULL,NULL
LBLT501B,CL,ASB,LBFRA,LTAANCTA,Y,0,NULL,LBLT501B:2,NULL,NULL
LBLTFM500A,CL,ASB,LBFRA,LTFMTMA,Y,0,NULL,LBLTFM500A,NULL,NULL
LBSEC500A,CL,ASB,LBFRA,SECSI,Y,0,NULL,LBSEC500A,NULL,NULL
LCHE500A,CL,ASB,LCFRA,HECCCTA,Y,0,NULL,LCHE500A,NULL,NULL
LCLC500A,CL,ASB,LCFRA,LCNONFRA,Y,0,NULL,LCLC500A,NULL,NULL
LEBOTA500A,CLG,,NULL,NULL,N,0,OR,LEBOTA500A,NULL,NULL
LEGMAC500A,CL,ASB,HISPAFRA1,GMACFRA,Y,0,NULL,LEGMAC500A:1,NULL,NULL
LELPPC500A,CL,ASB,HISPAFRA1,LPPCFRA,Y,0,NULL,LELPPC500A,245,999
LFFFLU500A,CL,ASB,LFFFFRAL,LFFRAC,Y,0,NULL,LFFFLU500A,NULL,NULL
LFFRAW500A,CLG,,NULL,NULL,N,0,OR,LFFRAW500A,NULL,NULL
LG100A,CL,AS,LGFRA,NULL,Y,0,NULL,LG100A,NULL,NULL
LH100A,CL,AS,LHFRA,NULL,Y,0,NULL,LH100A,NULL,NULL
LHUK500A,CL,ASB,LHFRA,UKNESFRA,Y,0,NULL,LHUK500A,NULL,NULL
LILG500A,CL,ASB,LIFRA,LGFRA,Y,0,NULL,LILG500A:1,NULL,NULL
LJMBLJ501A,CL,ASB,LJMBFRA,SECSI3,Y,0,NULL,LJMBLJ501A,NULL,NULL
LKLZ500A,CL,ASB,LKAAFRA,LZNFRA,Y,0,NULL,LKLZ500A:1,NULL,NULL
LM100A,CL,AS,LMFRA,NULL,Y,0,NULL,LM100A,NULL,NULL
LMDT500A,CL,ASB,LMFRA,DTFRA,Y,0,NULL,LMDT500A:1,NULL,NULL
LMLI500A,CL,ASB,LMFRA,LIFRA,Y,0,NULL,LMLI500A:1,NULL,NULL
LOLJSF500A,CL,ASB,SECSI,LBSFTMA,Y,0,NULL,LOLJSF500A,NULL,NULL
LPPOLP500A,CL,ASB,LPPCFRA,LPPOOCA,Y,0,NULL,LPPOLP500A,245,999
LRLY501A,CL,ASB,LRBBCTA,SECSI,Y,0,NULL,LRLY501A:1,205,245
LRUK500A,CL,ASB,LRFRA,UKNESFRA,Y,0,NULL,LRUK500A,NULL,NULL
LS100A,CL,AS,LSASFRA,NULL,Y,0,NULL,LS100A,NULL,NULL
LSEDMS500A,CL,ASB,LSASFRA,EDMMFRAS,Y,0,NULL,LSEDMS500A,NULL,NULL
LSEDUE500A,CL,ASB,LSASFRA,EDUUFRAE,Y,0,NULL,LSEDUE500A,NULL,NULL
LSLS500A,CLG,,NULL,NULL,N,0,OR,LSLS500A,NULL,NULL
LTLG500A,CL,ASB,LTDCT,LGFRA,Y,0,NULL,LTLG500A,NULL,NULL
LZLZ500D,CL,ASB,LZNFRA,SEEFRA,Y,0,NULL,LZLZ500D,NULL,NULL
NEBO500A,CL,ASB,NEFRAX,ENOBDCT,Y,0,NULL,NEBO500A,NULL,NULL
NEBO500A,CL,ASB,ENOBDCT,NEFRAX,Y,0,NULL,NEBO500A,NULL,NULL
NEEE500A,CL,ASB,EEDCTX,NEFRAX,Y,0,NULL,NEEE500A,NULL,NULL
NEUU500A,CL,ASB,NEFRAX,UDCT,Y,0,NULL,NEUU500A,NULL,NULL
OIUGUD500A,CL,ASB,OIFRA,FRASC,Y,0,NULL,OIUGUD500A,195,999
SECLR500A,CL,ASB,SECSI,LRFRA,Y,0,NULL,SECLR500A,NULL,NULL
SECNLB500A,CL,ASB,SECSI3,LBFRA,Y,0,NULL,SECNLB500A,NULL,NULL
SEEDME500A,CL,ASB,SEEFRA,EDMMFRAE,Y,0,NULL,SEEDME500A,NULL,NULL
SEEFRA100A,CL,AS,SEEFRA,NULL,Y,0,NULL,SEEFRA100A,NULL,NULL
SEELGN500A,CL,ASB,SEEFRA,LGNFRA,Y,0,NULL,SEELGN500A,NULL,NULL
SEEUK500A,CL,ASB,SEEFRA,UKNESFRA,Y,0,NULL,SEEUK500A,NULL,NULL
UGUR500A,CL,ASB,UGFRA,URFRA,Y,0,NULL,UGUR500A,000,195
UK100A,,GROUP,,NULL,N,0,AND,UK100A,NULL,NULL
UKLH500A,CL,ASB,UKNESFRA,LHFRA,Y,0,NULL,UKLH500A,NULL,NULL
UKLR500A,CL,ASB,UKNESFRA,LRFRA,Y,0,NULL,UKLR500A,NULL,NULL
UKOVUK500A,,GROUP,,NULL,N,0,AND,UKOVUK500A,NULL,NULL
UKOVUK500A,,GROUP,,NULL,N,0,NOT,UKOVUK500A,NULL,NULL
URUK500A,CL,ASB,URFRA,UKNESFRA,Y,0,NULL,URUK500A,275,999
YX100A,CL,AS,EDYYFRA,NULL,Y,0,NULL,YX100A:2,NULL,NULL
YXEDGG501A,CL,ASB,EDYYFRA,EDGGNFRA,Y,0,NULL,YXEDGG501A,NULL,NULL
YXNE500A,CL,ASB,NEFRAX,EDYYFRA,Y,0,NULL,YXNE500A:1,NULL,NULL
BIEGPX500A,CL,ASB,BIDCTX,EGPXFRA,Y,0,NULL,BIEGPX500A,NULL,NULL
BLEDUE500A,CL,ASB,BALTFRA,EDUUFRAE,Y,0,NULL,BLEDUE500A,NULL,NULL
BLEDWE501A,CL,ASB,BALTFRA,EDWWCTA,Y,0,NULL,BLEDWE501A,095,245
BLFDCT500A,CLG,,NULL,NULL,N,0,OR,BLFDCT500A,NULL,NULL
BLFDCT500A,CL,ASB,EPWWDCT,BALTFRA,Y,0,NULL,BLFDCT500A,NULL,NULL
BLFEPN500A,CL,ASB,BALTFRA,EPNFRA,Y,0,NULL,BLFEPN500A:1,NULL,NULL
BLSEE500A,CL,ASB,BALTFRA,SEEFRA,Y,0,NULL,BLSEE500A,NULL,NULL
BLUK500A,CL,ASB,BALTFRA,UKNESFRA,Y,0,NULL,BLUK500A,NULL,NULL
BLUK501A,CL,ASB,BALTFRA,UKLVTMA,Y,0,NULL,BLUK501A,NULL,NULL
BLUMKK500A,CL,ASB,BALTFRA,UMKKFRA,Y,0,NULL,BLUMKK500A,NULL,NULL
DUWDME501A,CL,ASB,EDUUFRAW,EDMMFRAE,Y,0,NULL,DUWDME501A,NULL,NULL
EBYX500A,CL,ASB,EBDCTX,EDYYFRA,Y,0,NULL,EBYX500A,NULL,NULL
EDAEDA500G,CL,ASB,EDWWFRAE,EDUUFRAN,Y,0,NULL,EDAEDA500G,NULL,NULL
EDAEDA500H,CL,ASB,EDWWCTA,EDUUFRAN,Y,0,NULL,EDAEDA500H,NULL,NULL
EDLOLJ500A,CL,ASB,EDDCT1,SECSI,Y,0,NULL,EDLOLJ500A,000,245
EDMEBL500A,CL,ASB,EDMMFRAE,BALTFRA,Y,0,NULL,EDMEBL500A,NULL,NULL
EDMEBL501A,CL,ASB,EDDCT,BALTFRA,Y,0,NULL,EDMEBL501A,095,245
EDMEDM500A,CL,ASB,EDMMFRAS,EDMMNFRAS,Y,0,NULL,EDMEDM500A,NULL,NULL
EDMEDM501A,CLG,,NULL,NULL,N,0,OR,EDMEDM501A,NULL,NULL
EDMEYX500A,CL,ASB,EDMMFRAE,EDYYFRA,Y,0,NULL,EDMEYX500A,NULL,NULL
EDMSEC500A,CL,ASB,EDMMFRAS,SECSI,Y,0,NULL,EDMSEC500A,NULL,NULL
EDREDR500A,CL,ASB,EDUUFRAE,EDMMFRAE,Y,0,NULL,EDREDR500A,NULL,NULL
EDUEDU500A,CLG,,NULL,NULL,N,0,OR,EDUEDU500A,NULL,NULL
EDUNEP500A,CL,ASB,EDUUFRAN,EPFRA,Y,0,NULL,EDUNEP500A,NULL,NULL
EDUU100N,CL,AS,EDUUFRAN,NULL,Y,0,NULL,EDUU100N,NULL,NULL
EDUWLS500A,CL,ASB,EDUUFRAW,LSASFRA,Y,0,NULL,EDUWLS500A,NULL,NULL
EDWEBL500A,CL,ASB,EDWWFRAE,BALTFRA,Y,0,NULL,EDWEBL500A,NULL,NULL
EDWEEK500A,CL,ASB,EDWWFRAE,EKDCTX,Y,0,NULL,EDWEEK500A,NULL,NULL
EGEGTW500A,CL,ASB,EGTTNFRA,EGTTFRAW,Y,0,NULL,EGEGTW500A,NULL,NULL
EGPXEI500A,CL,ASB,EISNFRA,EGPXFRA,Y,0,NULL,EGPXEI500A,NULL,NULL
EGPXNN501A,CL,ASB,EGPXNFRA,NEFRAX,Y,0,NULL,EGPXNN501A,NULL,NULL
EGPXNN501A,,GROUP,,NULL,N,0,NOT,EGPXNN501A,NULL,NULL
EGPXNN501A,FP,FTYPE,,NULL,N,0,NULL,EGPXNN501A,NULL,NULL
EHYX500A,CL,ASB,EHDCTX,EDYYFRA,Y,0,NULL,EHYX500A,NULL,NULL
EHYX500A,CL,ASB,EDYYFRA,EHDCTX,Y,0,NULL,EHYX500A,NULL,NULL
EIEGTT500A,FP,FTYPE,,NULL,N,0,NULL,EIEGTT500A,NULL,NULL
EIEGTT501A,CL,ASB,EISNFRA,EGTTFRAW,Y,0,NULL,EIEGTT501A,NULL,NULL
EIEIDW500A,CL,ASB,EISNFRA,EIDWDCT,Y,0,NULL,EIEIDW500A,NULL,NULL
EILF500A,CL,ASB,EISNFRA,LFFRANW,Y,0,NULL,EILF500A:1,NULL,NULL
EPEDUN500A,CL,ASB,EPFRA,EDUUFRAN,Y,0,NULL,EPEDUN500A,NULL,NULL
EPEDWE501A,CL,ASB,EPFRA,EDWWCTA,Y,0,NULL,EPEDWE501A,095,245
EPEPLB500A,CL,ASB,EPFRA,EPLBTMA,Y,0,NULL,EPEPLB500A,NULL,NULL
EPFNF500A,CLG,,NULL,NULL,N,0,OR,EPFNF500A,NULL,NULL
EPNE501A,CL,ASB,ESDCTX,EPFRA,Y,0,NULL,EPNE501A,NULL,NULL
EPUK500A,CL,ASB,EPFRA,UKNESFRA,Y,0,NULL,EPUK500A,NULL,NULL
EPUK501A,CL,ASB,EPFRA,UKLVTMA,Y,0,NULL,EPUK501A,NULL,NULL
EPUMKK500A,CLG,,NULL,NULL,N,0,OR,EPUMKK500A,NULL,NULL
EY100B,CL,AS,EYFRA,NULL,Y,0,NULL,EY100B,NULL,NULL
EYES500A,,GROUP,,NULL,N,0,AND,EYES500A,NULL,NULL
EYEY500A,CL,ASB,EYDCTX,EYFRA,Y,0,NULL,EYEY500A,NULL,NULL
GC100A,CL,AS,GCFRA,NULL,Y,0,NULL,GC100A,305,660
GCLPPO500A,CLG,,NULL,NULL,N,0,OR,GCLPPO500A,NULL,NULL
GMAC100A,CL,AS,GMACFRA,NULL,Y,0,NULL,GMAC100A,NULL,NULL
GMMMGC500A,CL,ASB,GMMMCTA,GCFRA,Y,0,NULL,GMMMGC500A,305,660
HLLM500A,CL,ASB,HLFRA,LMFRA,Y,0,NULL,HLLM500A,NULL,NULL
LBLBSF501A,CL,ASB,LBFRA,LBSFTMA,Y,0,NULL,LBLBSF501A:1,NULL,NULL
LELFBB500A,CL,ASB,HISPAFRA1,LFFRASW,Y,0,NULL,LELFBB500A,NULL,NULL
LELFRR500A,CL,ASB,HISPAFRA1,LFFRANW,Y,0,NULL,LELFRR500A,NULL,NULL
LFBBLE500A,CL,ASB,LFFRASW,HISPAFRA1,Y,0,NULL,LFBBLE500A,NULL,NULL
LFBBLU500A,CL,ASB,LFBBFRAL,LFFRASW,Y,0,NULL,LFBBLU500A,NULL,NULL
LFBBMM500A,CL,ASB,LFFRASW,LFMMFRA,Y,0,NULL,LFBBMM500A,NULL,NULL
LFBBUL500A,CL,ASB,LFFRASW,LFBBFRAL,Y,0,NULL,LFBBUL500A,NULL,NULL
LFMLS500A,CL,ASB,LFMMFRA,LSASFRA,Y,0,NULL,LFMLS500A,NULL,NULL
LFNFF500A,CL,ASB,LFFFN,LFFRAC,Y,0,NULL,LFNFF500A,NULL,NULL
LFRRLE500A,CL,ASB,LFFRANW,HISPAFRA1,Y,0,NULL,LFRRLE500A,NULL,NULL
LGLI500A,CL,ASB,LGFRA,LIFRA,Y,0,NULL,LGLI500A:1,NULL,NULL
LGNSEE500A,CL,ASB,LGNFRA,SEEFRA,Y,0,NULL,LGNSEE500A,NULL,NULL
LHLR555Y,CL,ASB,LHFRA,LRBBCTA,Y,0,NULL,LHLR555Y,000,105
LHSEC500A,CL,ASB,LHFRA,SECSI,Y,0,NULL,LHSEC500A,NULL,NULL
LJPZLJ500A,CL,ASB,LJPZFRA,SECSI,Y,0,NULL,LJPZLJ500A,NULL,NULL
LMLG500A,CLG,,NULL,NULL,N,0,OR,LMLG500A:1,NULL,NULL
LMLG500A,CL,ASB,LGFRA,LMFRA,Y,0,NULL,LMLG500A:1,NULL,NULL
LMLG501A,CL,ASB,LGNFRA,LMFRA,Y,0,NULL,LMLG501A:1,NULL,NULL
LOLJL100A,CL,AS,LOLJLAL,NULL,Y,0,NULL,LOLJL100A:1,NULL,NULL
LOLJLO500A,CL,ASB,SECSI,LOWICTMA,Y,0,NULL,LOLJLO500A:1,NULL,NULL
LOLJPZ500A,CL,ASB,SECSI,LJPZFRA,Y,0,NULL,LOLJPZ500A,NULL,NULL
LP100A,CL,AS,LPPCFRA,NULL,Y,0,NULL,LP100A,245,999
LPPOLP500A,CLG,,NULL,NULL,N,0,OR,LPPOLP500A,NULL,NULL
LPPOLP500A,CL,ASB,LPPOOCA,LPPCFRA,Y,0,NULL,LPPOLP500A,245,999
LSLFF500A,CL,ASB,LSASFRA,LFFRAC,Y,0,NULL,LSLFF500A,NULL,NULL
LTSEE500A,CL,ASB,LTAAWCTA,SEEFRA,Y,0,NULL,LTSEE500A,NULL,NULL
LTSEE501A,CL,ASB,LTAANCTA,SEEFRA,Y,0,NULL,LTSEE501A,NULL,NULL
LTUGUD500A,CL,ASB,LTAAECTA,FRASC,Y,0,NULL,LTUGUD500A,195,999
LULR500A,CL,ASB,LUFRA,LRFRA,Y,0,NULL,LULR500A,NULL,NULL
LYLR501A,CL,ASB,SECSI3,LRFRA,Y,0,NULL,LYLR501A,NULL,NULL
LZEP500A,CL,ASB,LZNFRA,EPFRA,Y,0,NULL,LZEP500A:1,NULL,NULL
LZLK500A,CL,ASB,LZNFRA,LKAAFRA,Y,0,NULL,LZLK500A:1,NULL,NULL
LZSEC500A,CL,ASB,LZNFRA,SECSI,Y,0,NULL,LZSEC500A,NULL,NULL
NEEF500A,CLG,,NULL,NULL,N,0,OR,NEEF500A,NULL,NULL
NEEG500A,,GROUP,,NULL,N,0,AND,NEEG500A,NULL,NULL
NEEG500A,,GROUP,,NULL,N,0,NOT,NEEG500A,NULL,NULL
NEEG500A,FP,FTYPE,,NULL,N,0,NULL,NEEG500A,NULL,NULL
NEES500A,CLG,,NULL,NULL,N,0,OR,NEES500A,NULL,NULL
SECLGN500A,CL,ASB,SECSI,LGNFRA,Y,0,NULL,SECLGN500A,NULL,NULL
SECLHK500A,CL,ASB,SECSI,LHKRCTA,Y,0,NULL,SECLHK500A,NULL,NULL
SECLZ500A,CL,ASB,SECSI,LZNFRA,Y,0,NULL,SECLZ500A,NULL,NULL
SECSEC500D,CL,ASB,SECSI3,SECSI,Y,0,NULL,SECSEC500D,NULL,NULL
SEELR500A,CL,ASB,SEEFRA,LRFRA,Y,0,NULL,SEELR500A:1,NULL,NULL
SEELT501A,CL,ASB,SEEFRA,LTAANCTA,Y,0,NULL,SEELT501A,NULL,NULL
SEESEC500A,CL,ASB,SEEFRA,SECSI,Y,0,NULL,SEESEC500A,NULL,NULL
SELKEP500A,CL,ASB,LKSEEFRA,EPFRA,Y,0,NULL,SELKEP500A,NULL,NULL
UG100A,CL,AS,UGFRA,NULL,Y,0,NULL,UG100A,000,195
UG100B,CL,AS,UGFRA,NULL,Y,0,NULL,UG100B,000,195
UGUDLT500A,CL,ASB,FRASC,LTAAECTA,Y,0,NULL,UGUDLT500A,195,999
UK100A,FP,FTYPE,,NULL,N,0,NULL,UK100A,NULL,NULL
UKLB500A,CL,ASB,UKODSFRA,LBFRA,Y,0,NULL,UKLB500A,NULL,NULL
UKSEE500A,CL,ASB,UKNESFRA,SEEFRA,Y,0,NULL,UKSEE500A,NULL,NULL
UKUKDV500A,CL,ASB,UKNFRA,UKNESFRA,Y,0,NULL,UKUKDV500A,275,999
UKUR500A,CL,ASB,UKNESFRA,URFRA,Y,0,NULL,UKUR500A,275,999
UMMVEP500A,CL,ASB,UMMVCTA,EPFRA,Y,0,NULL,UMMVEP500A,NULL,NULL
UMNE500A,CL,ASB,UMMVCTA,NEFRAX,Y,0,NULL,UMNE500A,NULL,NULL
YXEDUW500A,CL,ASB,EDYYFRA,EDUUFRAW,Y,0,NULL,YXEDUW500A,NULL,NULL
BINE500A,CL,ASB,BIRDCTA,NEFRAX,Y,0,NULL,BINE500A,NULL,NULL
BLEDME501A,CL,ASB,BALTFRA,EDMMCTA,Y,0,NULL,BLEDME501A,095,245
BLEDWE500A,CL,ASB,BALTFRA,EDWWFRAE,Y,0,NULL,BLEDWE500A,NULL,NULL
BLES500A,CL,ASB,ESMEDDEL,BALTFRA,Y,0,NULL,BLES500A,NULL,NULL
BLES501A,CLG,,NULL,NULL,N,0,OR,BLES501A,NULL,NULL
BLEY500A,CL,ASB,BALTFRA,EYDCTX,Y,0,NULL,BLEY500A,NULL,NULL
BLUMKK500A,CLG,,NULL,NULL,N,0,OR,BLUMKK500A,NULL,NULL
DUEDUW501A,CL,ASB,EDUUFRAE,EDUUFRAW,Y,0,NULL,DUEDUW501A,NULL,NULL
EDEEDS500F,CL,ASB,EDMMFRAS,EDUUFRAE,Y,0,NULL,EDEEDS500F,NULL,NULL
EDUEDU500A,CL,ASB,EDUUNFRAW,EDUUFRAW,Y,0,NULL,EDUEDU500A,NULL,NULL
EDUEDU500G,CL,ASB,EDUUFRAW,EDGGSCTA,Y,0,NULL,EDUEDU500G,NULL,NULL
EDUEEP500A,CL,ASB,EDUUFRAE,EPFRA,Y,0,NULL,EDUEEP500A,NULL,NULL
EDUELI501A,CL,ASB,EDUUFRAE,LIFRA,Y,0,NULL,EDUELI501A,NULL,NULL
EDWEEP501A,CL,ASB,EDWWCTA,EPFRA,Y,0,NULL,EDWEEP501A,095,145
EGEGPX500A,CL,ASB,EGTTNFRA,EGPXFRA,Y,0,NULL,EGEGPX500A,NULL,NULL
EGNE500A,,GROUP,,NULL,N,0,AND,EGNE500A,NULL,NULL
EGNE500A,,GROUP,,NULL,N,0,NOT,EGNE500A,NULL,NULL
EGPXEI500A,CLG,,NULL,NULL,N,0,OR,EGPXEI500A,NULL,NULL
EGPXGX500A,CL,ASB,EGPXFRA,EGGXOCA,Y,0,NULL,EGPXGX500A,NULL,NULL
EGTTEI500A,,GROUP,,NULL,N,0,AND,EGTTEI500A,NULL,NULL
EGTTEI501A,CL,ASB,EGTTNFRAW,EISNFRA,Y,0,NULL,EGTTEI501A,NULL,NULL
EGTWTW500A,CLG,,NULL,NULL,N,0,OR,EGTWTW500A,NULL,NULL
EGYX502A,CL,ASB,EDYYFRA,EGPXNFRA,Y,0,NULL,EGYX502A:1,NULL,NULL
EIEGN500A,,GROUP,,NULL,N,0,NOT,EIEGN500A,NULL,NULL
EIEGTT501A,,GROUP,,NULL,N,0,AND,EIEGTT501A,NULL,NULL
EIEGTT502A,CL,ASB,EISNFRA,EGTTNFRAW,Y,0,NULL,EIEGTT502A,NULL,NULL
EIEGTT502A,,GROUP,,NULL,N,0,NOT,EIEGTT502A,NULL,NULL
EIEI500A,CLG,,NULL,NULL,N,0,OR,EIEI500A,NULL,NULL
EKYX500A,CL,ASB,EKDCTX,EDYYFRA,Y,0,NULL,EKYX500A,NULL,NULL
EPEDWE500A,CL,ASB,EPFRA,EDWWFRAE,Y,0,NULL,EPEDWE500A,NULL,NULL
EPFEPN500A,CL,ASB,EPNFRA,EPFRA,Y,0,NULL,EPFEPN500A,NULL,NULL
EPFNF500A,CL,ASB,EPFRA,EPNFRA,Y,0,NULL,EPFNF500A,NULL,NULL
EPNE500A,CL,ASB,NEFRAX,EPFRA,Y,0,NULL,EPNE500A,NULL,NULL
EYNE500A,,GROUP,,NULL,N,0,AND,EYNE500A,NULL,NULL
EYUMMV500A,CL,ASB,EYFRA,UMMVCTA,Y,0,NULL,EYUMMV500A,NULL,NULL
GCGC500A,CL,ASB,GCFRA,GCFRA,Y,0,NULL,GCGC500A,FLR,305
GCGMAC500A,CL,ASB,GCFRA,GMACFRA,Y,0,NULL,GCGMAC500A:1,NULL,NULL
GCGO500A,CLG,,NULL,NULL,N,0,OR,GCGO500A,NULL,NULL
GMLE500A,CL,ASB,GMMMCTA,HISPAFRA1,Y,0,NULL,GMLE500A,245,660
HELG500A,CL,ASB,HECCCTA,LGFRA,Y,0,NULL,HELG500A,NULL,NULL
LBLB500A,CLG,,NULL,NULL,N,0,OR,LBLB500A,NULL,NULL
LBLR500A,CL,ASB,LBSRCTA,LRFRA,Y,0,NULL,LBLR500A,105,175
LBSFLB500A,CL,ASB,LBSFTMA,SEEFRA,Y,0,NULL,LBSFLB500A,NULL,NULL
LCLG500A,CL,ASB,LCFRA,LGFRA,Y,0,NULL,LCLG500A:1,NULL,NULL
LCOL500A,CL,ASB,LCFRA,OLBBCTA,Y,0,NULL,LCOL500A,NULL,NULL
LELE500A,CL,ASB,HISPAFRA1,HISPAFRA1,Y,0,NULL,LELE500A:1,FLR,245
LELE660A,CL,ASB,HISPAFRA1,HISPAFRA1,Y,0,NULL,LELE660A,660,660
LELFMM500A,CL,ASB,HISPAFRA1,LFMMFRA,Y,0,NULL,LELFMM500A,NULL,NULL
LFFRAW500A,CL,ASB,LFFRASW,LFFRANW,Y,0,NULL,LFFRAW500A,NULL,NULL
LFMMBB500A,CL,ASB,LFMMFRA,LFFRASW,Y,0,NULL,LFMMBB500A,NULL,NULL
LFMMFF500A,CL,ASB,LFMMFRA,LFFRAC,Y,0,NULL,LFMMFF500A,NULL,NULL
LFRREW500A,CL,ASB,LFRRE,LFFRANW,Y,0,NULL,LFRREW500A,NULL,NULL
LFRWEG501A,CL,ASB,LFFRANW,EGTTFRAW,Y,0,NULL,LFRWEG501A,NULL,NULL
LFSWC500A,CL,ASB,LFFRASW,LFFRAC,Y,0,NULL,LFSWC500A,NULL,NULL
LGHL500A,CL,ASB,LGFRA,HLFRA,Y,0,NULL,LGHL500A,NULL,NULL
LGLG500D,CL,ASB,LGNFRA,LGFRA,Y,0,NULL,LGLG500D,NULL,NULL
LHLZKZ500A,CL,ASB,LHFRA,LZKZTMA,Y,0,NULL,LHLZKZ500A,NULL,NULL
LILI500A,CL,ASB,LIFRA,LIFRA,Y,0,NULL,LILI500A:1,FLR,305
LJLJPZ500A,CL,ASB,SECSI3,LJPZFRA,Y,0,NULL,LJLJPZ500A,NULL,NULL
LJPZLI500A,CL,ASB,LJPZFRA,LIFRA,Y,0,NULL,LJPZLI500A,NULL,NULL
LK100A,CL,AS,LKAAFRA,NULL,Y,0,NULL,LK100A:1,NULL,NULL
LKLOLJ500A,CL,ASB,LKAAFRA,SECSI,Y,0,NULL,LKLOLJ500A,NULL,NULL
LMHL500A,CL,ASB,LMFRA,HLFRA,Y,0,NULL,LMHL500A,NULL,NULL
LPGC500A,CL,ASB,LPPCFRA,GCFRA,Y,0,NULL,LPGC500A,NULL,NULL
LRARLR500A,CL,ASB,LRARTMA,LRFRA,Y,0,NULL,LRARLR500A,NULL,NULL
LRCLLR500A,CL,ASB,LRCLTMA,LRFRA,Y,0,NULL,LRCLLR500A:1,NULL,NULL
LRLB500A,CL,ASB,LRFRA,LBSRCTA,Y,0,NULL,LRLB500A,105,175
LRLR500A,CL,ASB,LRFRA,LRNFRA,Y,0,NULL,LRLR500A,NULL,NULL
LRLRCL500A,CL,ASB,LRFRA,LRCLTMA,Y,0,NULL,LRLRCL500A:1,NULL,NULL
LRUKOV501A,CL,ASB,LRFRA,UKODSFRA,Y,0,NULL,LRUKOV501A:1,NULL,NULL
LSED500A,CL,ASB,LSASFRA,EDDCT1,Y,0,NULL,LSED500A:1,195,245
LSLS500A,CL,ASB,LSNFRA,LSASFRA,Y,0,NULL,LSLS500A,NULL,NULL
LTUG500A,CL,ASB,LTFRA,UGFRA,Y,0,NULL,LTUG500A,000,195
LU100B,CL,AS,LUFRA,NULL,Y,0,NULL,LU100B:1,NULL,NULL
LUSEE500A,CL,ASB,LUFRA,SEEFRA,Y,0,NULL,LUSEE500A,NULL,NULL
LUUK500A,CL,ASB,LUFRA,UKNESFRA,Y,0,NULL,LUUK500A,NULL,NULL
LZBL500A,CL,ASB,LZNFRA,BALTFRA,Y,0,NULL,LZBL500A,NULL,NULL
LZNLH500A,CL,ASB,LZNFRA,LHFRA,Y,0,NULL,LZNLH500A,NULL,NULL
NEBO500A,CLG,,NULL,NULL,N,0,OR,NEBO500A,NULL,NULL
NEBO500A,,GROUP,,NULL,N,0,NOT,NEBO500A,NULL,NULL
NEEG501A,CL,ASB,NEFRAX,EGPXNFRA,Y,0,NULL,NEEG501A,NULL,NULL
NEEN500A,CL,ASB,ENDCTX,NEFRAX,Y,0,NULL,NEEN500A,NULL,NULL
NEES500A,CL,ASB,NEFRAX,ESDCTX,Y,0,NULL,NEES500A,NULL,NULL
SEEDUE500A,CL,ASB,SEEFRA,EDUUFRAE,Y,0,NULL,SEEDUE500A,NULL,NULL
SEELK500A,CL,ASB,SEEFRA,LKAAFRA,Y,0,NULL,SEELK500A:1,NULL,NULL
SEELU500A,CL,ASB,SEEFRA,LUFRA,Y,0,NULL,SEELU500A,NULL,NULL
UDUG500A,CLG,,NULL,NULL,N,0,OR,UDUG500A,NULL,NULL
UDUG500A,CL,ASB,UGFRA,UDFRA,Y,0,NULL,UDUG500A,000,195
UGDUGD500A,CL,ASB,FRASC,FRASC,Y,0,NULL,UGDUGD500A,195,195
UKUKOV500A,FP,FTYPE,,NULL,N,0,NULL,UKUKOV500A,NULL,NULL
UKUU500A,CL,ASB,UKNESFRA,UUWVFRA,Y,0,NULL,UKUU500A,275,999
UMMVBL500A,CL,ASB,UMMVCTA,BALTFRA,Y,0,NULL,UMMVBL500A,NULL,NULL
UMNE500A,,GROUP,,NULL,N,0,NOT,UMNE500A,NULL,NULL
UUNE500A,,GROUP,,NULL,N,0,NOT,UUNE500A,NULL,NULL
YX100B,CL,AS,EDYYFRA,NULL,Y,0,NULL,YX100B:2,NULL,NULL
YXEDME500A,CL,ASB,EDYYFRA,EDMMFRAE,Y,0,NULL,YXEDME500A,NULL,NULL
YXLF500A,CL,ASB,EDYYFRA,LFFNE,Y,0,NULL,YXLF500A:1,NULL,NULL
BIEGPX500A,CL,ASB,EGPXFRA,BIDCTX,Y,0,NULL,BIEGPX500A,NULL,NULL
BINE500A,CLG,,NULL,NULL,N,0,OR,BINE500A,NULL,NULL
BINE500A,,GROUP,,NULL,N,0,NOT,BINE500A,NULL,NULL
BLEDUN500A,CL,ASB,BALTFRA,EDUUFRAN,Y,0,NULL,BLEDUN500A,NULL,NULL
BLFEPN500A,CL,ASB,EPNFRA,BALTFRA,Y,0,NULL,BLFEPN500A:1,NULL,NULL
BLNE500A,CL,ASB,BALTFRA,NEFRAX,Y,0,NULL,BLNE500A,NULL,NULL
DUWDME500A,CL,ASB,EDUUFRAW,EDMMFRAE,Y,0,NULL,DUWDME500A,NULL,NULL
DUWDUE501A,CL,ASB,EDUUFRAW,EDUUFRAE,Y,0,NULL,DUWDUE501A,NULL,NULL
EDEEDS500E,CL,ASB,EDUUFRAE,EDMMFRAS,Y,0,NULL,EDEEDS500E,NULL,NULL
EDGGYX501A,CL,ASB,EDGGNFRA,EDYYFRA,Y,0,NULL,EDGGYX501A,NULL,NULL
EDLS500A,CL,ASB,EDDCT1,LSASFRA,Y,0,NULL,EDLS500A,195,245
EDMDME500A,CL,ASB,EDMMFRAS,EDMMFRAE,Y,0,NULL,EDMDME500A,NULL,NULL
EDMDUN500A,CL,ASB,EDMMFRAE,EDUUFRAN,Y,0,NULL,EDMDUN500A,NULL,NULL
EDMEDM501A,CL,ASB,EDMMNFRAE,EDMMFRAE,Y,0,NULL,EDMEDM501A,NULL,NULL
EDMEDM501A,CL,ASB,EDMMFRAE,EDMMNFRAE,Y,0,NULL,EDMEDM501A,NULL,NULL
EDMEEP501A,CL,ASB,EDDCT,EPFRA,Y,0,NULL,EDMEEP501A,095,245
EDMEGG500A,CL,ASB,EDMMFRAE,EDGGSCTA,Y,0,NULL,EDMEGG500A,NULL,NULL
EDMESE500A,CL,ASB,EDMMFRAE,SEEFRA,Y,0,NULL,EDMESE500A,NULL,NULL
EDMSLS500A,CL,ASB,EDMMFRAS,LSASFRA,Y,0,NULL,EDMSLS500A,NULL,NULL
EDUEDU500E,CL,ASB,EDUUFRAW,EDGGNCTA,Y,0,NULL,EDUEDU500E,NULL,NULL
EDUEDU500H,CL,ASB,EDGGSCTA,EDUUFRAW,Y,0,NULL,EDUEDU500H,NULL,NULL
EDUNNE500A,CL,ASB,EDUUFRAN,NEFRAX,Y,0,NULL,EDUNNE500A,NULL,NULL
EGGXLE500A,CL,ASB,EGGXOCA,HISPAFRA1,Y,0,NULL,EGGXLE500A,245,660
EGLFRW502A,CL,ASB,EGTTFRAW,LFFRANW,Y,0,NULL,EGLFRW502A,NULL,NULL
EGPXPX500A,CL,ASB,EGPXFRA,EGPXNFRA,Y,0,NULL,EGPXPX500A,NULL,NULL
EGTWEG500A,CL,ASB,EGTTFRAW,EGTTNFRA,Y,0,NULL,EGTWEG500A,NULL,NULL
EGTWTW500A,CL,ASB,EGTTFRAW,EGTTNFRAW,Y,0,NULL,EGTWTW500A,NULL,NULL
EGYX500A,CL,ASB,EGTTNFRA,EDYYFRA,Y,0,NULL,EGYX500A,NULL,NULL
EIEGN500A,FP,FTYPE,,NULL,N,0,NULL,EIEGN500A,NULL,NULL
EIEGTT500A,,GROUP,,NULL,N,0,NOT,EIEGTT500A,NULL,NULL
EIEGTT502A,FP,FTYPE,,NULL,N,0,NULL,EIEGTT502A,NULL,NULL
EIEI500A,CL,ASB,EIDCTX,EISNFRA,Y,0,NULL,EIEI500A,NULL,NULL
EPEDME501A,CL,ASB,EPFRA,EDMMCTA,Y,0,NULL,EPEDME501A,095,245
EPES500A,CL,ASB,EPFRA,ESMEDDEL,Y,0,NULL,EPES500A,NULL,NULL
EPNDCT500A,CL,ASB,EPWWDCT,EPNFRA,Y,0,NULL,EPNDCT500A,NULL,NULL
EPUMMV500A,CL,ASB,EPFRA,UMMVCTA,Y,0,NULL,EPUMMV500A,NULL,NULL
EYEP500A,CLG,,NULL,NULL,N,0,OR,EYEP500A,NULL,NULL
EYEP500A,CL,ASB,EYFRA,EPFRA,Y,0,NULL,EYEP500A,NULL,NULL
EYES500A,,GROUP,,NULL,N,0,NOT,EYES500A,NULL,NULL
EYES500A,FP,FTYPE,,NULL,N,0,NULL,EYES500A,NULL,NULL
EYUMMV500A,CLG,,NULL,NULL,N,0,OR,EYUMMV500A,NULL,NULL
GCLPPO500A,CL,ASB,GCFRA,LPPOOCA,Y,0,NULL,GCLPPO500A,305,660
GMGM500A,CLG,,NULL,NULL,N,0,OR,GMGM500A:1,NULL,NULL
LBSFLO500A,CL,ASB,LBSFTMA,SECSI,Y,0,NULL,LBSFLO500A,NULL,NULL
LCLT500A,CL,ASB,LCFRA,LTDCT,Y,0,NULL,LCLT500A,NULL,NULL
LCOS500A,CL,ASB,LCFRA,OSDICTA,Y,0,NULL,LCOS500A,NULL,NULL
LEBOTA500A,CL,ASB,LFBOTA,HISPAFRA1,Y,0,NULL,LEBOTA500A,245,660
LEEGGX500A,CL,ASB,HISPAFRA1,EGGXOCA,Y,0,NULL,LEEGGX500A,245,660
LFBBRR500A,CL,ASB,LFFRASW,LFRRE,Y,0,NULL,LFBBRR500A,NULL,NULL
LFBOTR500A,CL,ASB,LFBOTA,LFFRANW,Y,0,NULL,LFBOTR500A,NULL,NULL
LFFF100A,CL,AS,LFFRAC,NULL,Y,0,NULL,LFFF100A:1,NULL,NULL
LFLS500A,CL,ASB,LFFNE,LSASFRA,Y,0,NULL,LFLS500A,NULL,NULL
LFREI500A,CL,ASB,LFRRDCTX,EISNFRA,Y,0,NULL,LFREI500A,NULL,NULL
LFRR100A,CL,AS,LFFRANW,NULL,Y,0,NULL,LFRR100A,NULL,NULL
LFRRBB500A,CL,ASB,LFRRE,LFFRASW,Y,0,NULL,LFRRBB500A:1,NULL,NULL
LFYX500A,CL,ASB,LFFNE,EDYYFRA,Y,0,NULL,LFYX500A,NULL,NULL
LGNSEC500A,CL,ASB,LGNFRA,SECSI,Y,0,NULL,LGNSEC500A,NULL,NULL
LHLDLY500A,CL,ASB,LHFRA,SECSI3,Y,0,NULL,LHLDLY500A,NULL,NULL
LJMBLH500A,CL,ASB,LJMBFRA,LHFRA,Y,0,NULL,LJMBLH500A,NULL,NULL
LJMBLJ500A,CL,ASB,LJMBFRA,SECSI,Y,0,NULL,LJMBLJ500A,NULL,NULL
LLLC500A,CL,ASB,LLDCT,LCFRA,Y,0,NULL,LLLC500A,NULL,NULL
LMLG500A,CL,ASB,LMFRA,LGFRA,Y,0,NULL,LMLG500A:1,NULL,NULL
LMLM500A,CL,ASB,LMFRA,LMNONFRA,Y,0,NULL,LMLM500A,NULL,NULL
LPLP500A,CL,ASB,LPPCFRA,LPPCFRA,Y,0,NULL,LPLP500A:1,FLR,245
LPPCLE500A,CL,ASB,LPPCFRA,HISPAFRA1,Y,0,NULL,LPPCLE500A,245,999
LROPLR500A,CL,ASB,LROPTMA,LRFRA,Y,0,NULL,LROPLR500A:1,NULL,NULL
LTFMLB500A,CL,ASB,LTFMTMA,LBFRA,Y,0,NULL,LTFMLB500A,NULL,NULL
LTUK500A,CL,ASB,UKODSFRA,LTAANCTA,Y,0,NULL,LTUK500A,NULL,NULL
LU100A,CL,AS,LUFRA,NULL,Y,0,NULL,LU100A:1,NULL,NULL
LULU500A,CL,ASB,LUFRA,LUNFRA,Y,0,NULL,LULU500A,NULL,NULL
LULU500D,CL,ASB,LUNFRA,LUFRA,Y,0,NULL,LULU500D,NULL,NULL
NEEG501A,,GROUP,,NULL,N,0,AND,NEEG501A,NULL,NULL
SECLB500A,CL,ASB,SECSI,LBFRA,Y,0,NULL,SECLB500A,NULL,NULL
SEELK500A,CLG,,NULL,NULL,N,0,OR,SEELK500A:1,NULL,NULL
SELZEP500A,CL,ASB,LZFRA,EPFRA,Y,0,NULL,SELZEP500A,NULL,NULL
UBUGUD500A,CL,ASB,UBFRA,FRASC,Y,0,NULL,UBUGUD500A,195,999
UGUB500A,CL,ASB,UGFRA,UBFRA,Y,0,NULL,UGUB500A,000,195
UK100A,,GROUP,,NULL,N,0,NOT,UK100A,NULL,NULL
UKLU502A,CL,ASB,UKODSFRA,LUFRA,Y,0,NULL,UKLU502A,NULL,NULL
UKNUKO500A,CL,ASB,UKNFRA1,UKODSFRA,Y,0,NULL,UKNUKO500A,NULL,NULL
UKOUKO500A,CL,ASB,UKODSFRA,UKODSFRA,Y,0,NULL,UKOUKO500A,FLR,275
UKOVLR500A,CL,ASB,UKODSFRA,SEEFRA,Y,0,NULL,UKOVLR500A:1,NULL,NULL
UKUKOV500A,,GROUP,,NULL,N,0,NOT,UKUKOV500A,NULL,NULL
UMNE500A,,GROUP,,NULL,N,0,AND,UMNE500A,NULL,NULL
URUGUD500A,CL,ASB,URFRA,FRASC,Y,0,NULL,URUGUD500A,195,999
YXEDWE500A,CL,ASB,EDYYFRA,EDWWFRAE,Y,0,NULL,YXEDWE500A,NULL,NULL
BLFEPN500A,CLG,,NULL,NULL,N,0,OR,BLFEPN500A:1,NULL,NULL
BLUK501A,CLG,,NULL,NULL,N,0,OR,BLUK501A,NULL,NULL
BLUK501A,CL,ASB,UKLVTMA,BALTFRA,Y,0,NULL,BLUK501A,NULL,NULL
EDAEDA500E,CL,ASB,EDUUFRAN,EDWWFRAE,Y,0,NULL,EDAEDA500E,NULL,NULL
EDMM100E,CL,AS,EDMMFRAE,NULL,Y,0,NULL,EDMM100E,NULL,NULL
EDMM100EB,CL,AS,EDMMFRAE,NULL,Y,0,NULL,EDMM100EB,NULL,NULL
EDUELI500A,CL,ASB,EDUUFRAE,LIFRA,Y,0,NULL,EDUELI500A,NULL,NULL
EDUELS500A,CL,ASB,EDUUFRAE,LSASFRA,Y,0,NULL,EDUELS500A,NULL,NULL
EDWDME500A,CL,ASB,EDWWFRAE,EDMMFRAE,Y,0,NULL,EDWDME500A,NULL,NULL
EDWEBL501A,CL,ASB,EDWWCTA,BALTFRA,Y,0,NULL,EDWEBL501A,095,145
EDWEBL502A,CL,ASB,EDWWCTA,BALTFRA,Y,0,NULL,EDWEBL502A,245,285
EDWEDW500A,CL,ASB,EDWWNFRAE,EDWWFRAE,Y,0,NULL,EDWEDW500A,NULL,NULL
EDWEDW500A,CL,ASB,EDWWFRAE,EDWWNFRAE,Y,0,NULL,EDWEDW500A,NULL,NULL
EGGXEI500A,CL,ASB,EGGXOCA,EISNFRA,Y,0,NULL,EGGXEI500A,NULL,NULL
EGPX100A,CL,AS,EGPXFRA,NULL,Y,0,NULL,EGPX100A:1,NULL,NULL
EGPXEI500A,,GROUP,,NULL,N,0,AND,EGPXEI500A,NULL,NULL
EGPXEI500A,,GROUP,,NULL,N,0,NOT,EGPXEI500A,NULL,NULL
EGPXEI501A,,GROUP,,NULL,N,0,NOT,EGPXEI501A,NULL,NULL
EGPXPX500A,CLG,,NULL,NULL,N,0,OR,EGPXPX500A,NULL,NULL
EGTTEI500A,,GROUP,,NULL,N,0,NOT,EGTTEI500A,NULL,NULL
EGTTEI502A,CL,ASB,EGTTFRAW,EISNFRA,Y,0,NULL,EGTTEI502A,NULL,NULL
EIEGTT500A,,GROUP,,NULL,N,0,AND,EIEGTT500A,NULL,NULL
EIEI500A,CL,ASB,EISNFRA,EIDCTX,Y,0,NULL,EIEI500A,NULL,NULL
EISN100B,CL,AS,EISNFRA,NULL,Y,0,NULL,EISN100B,NULL,NULL
EPEPLB500A,CLG,,NULL,NULL,N,0,OR,EPEPLB500A,NULL,NULL
EPES500A,CL,ASB,ESMEDDEL,EPFRA,Y,0,NULL,EPES500A,NULL,NULL
EPFEPN500A,CL,ASB,EPFRA,EPNFRA,Y,0,NULL,EPFEPN500A,NULL,NULL
EPLK501A,CL,ASB,EPNFRA,LKAAFRA,Y,0,NULL,EPLK501A:2,NULL,NULL
EPNDCT500A,CL,ASB,EPNFRA,EPWWDCT,Y,0,NULL,EPNDCT500A,NULL,NULL
EPNE500A,CL,ASB,EPFRA,NEFRAX,Y,0,NULL,EPNE500A,NULL,NULL
EYES500A,CLG,,NULL,NULL,N,0,OR,EYES500A,NULL,NULL
EYES500A,CL,ASB,EYFRA,ESDCTX,Y,0,NULL,EYES500A,NULL,NULL
EYNE500A,CL,ASB,EYFRA,NEFRAX,Y,0,NULL,EYNE500A,NULL,NULL
EYUMMV500A,CL,ASB,UMMVCTA,EYFRA,Y,0,NULL,EYUMMV500A,NULL,NULL
GCGC500D,CL,ASB,GCFRA,GCFRA,Y,0,NULL,GCGC500D,305,CEL
GCGO500A,CL,ASB,GCFRA,GOOOCTA,Y,0,NULL,GCGO500A,305,660
GCGV500A,CL,ASB,GCFRA,GVSCCTA,Y,0,NULL,GCGV500A,305,660
GMACLE500A,CL,ASB,GMACFRA,HISPAFRA1,Y,0,NULL,GMACLE500A:1,NULL,NULL
GMACLP500A,CL,ASB,GMACFRA,LPPCFRA,Y,0,NULL,GMACLP500A,NULL,NULL
GMGM500A,CL,ASB,GMACNFRA,GMACFRA,Y,0,NULL,GMGM500A:1,NULL,NULL
HELC500A,CL,ASB,HECCCTA,LCFRA,Y,0,NULL,HELC500A,NULL,NULL
LB100A,CL,AS,LBFRA,NULL,Y,0,NULL,LB100A,NULL,NULL
LEDA500A,CL,ASB,HISPAFRA1,DAAACTA,Y,0,NULL,LEDA500A,245,660
LEGM500A,CL,ASB,HISPAFRA1,GMMMCTA,Y,0,NULL,LEGM500A,245,660
LELPPO500A,CLG,,NULL,NULL,N,0,OR,LELPPO500A,NULL,NULL
LFFFN500A,CL,ASB,LFFRAC,LFFFN,Y,0,NULL,LFFFN500A,NULL,NULL
LFFFUL500A,CL,ASB,LFFRAC,LFFFFRAL,Y,0,NULL,LFFFUL500A,NULL,NULL
LFLI500A,CL,ASB,LFMMDCTX,LIFRA,Y,0,NULL,LFLI500A:1,NULL,NULL
LFNSW500A,CL,ASB,LFFFN,LFFRASW,Y,0,NULL,LFNSW500A,NULL,NULL
LFRRUL500A,CL,ASB,LFFRANW,LFRRFRAL,Y,0,NULL,LFRRUL500A,NULL,NULL
LFRRWE500A,CL,ASB,LFFRANW,LFRRE,Y,0,NULL,LFRRWE500A,NULL,NULL
LFSWN500A,CL,ASB,LFFRASW,LFFFN,Y,0,NULL,LFSWN500A,NULL,NULL
LGLC500A,CL,ASB,LGFRA,LCFRA,Y,0,NULL,LGLC500A:1,NULL,NULL
LGLG500A,CL,ASB,LGFRA,LGNFRA,Y,0,NULL,LGLG500A,NULL,NULL
LHLR500T,CL,ASB,LHFRA,LRARTMA,Y,0,NULL,LHLR500T,NULL,NULL
LI100A,CL,AS,LIFRA,NULL,Y,0,NULL,LI100A:1,305,999
LIEDMS500A,CL,ASB,LIFRA,EDMMFRAS,Y,0,NULL,LIEDMS500A,NULL,NULL
LILM500A,CL,ASB,LIFRA,LMFRA,Y,0,NULL,LILM500A:1,NULL,NULL
LISEC500A,CL,ASB,LIFRA,SECSI,Y,0,NULL,LISEC500A,NULL,NULL
LOLJLK500A,CL,ASB,SECSI,LKAAFRA,Y,0,NULL,LOLJLK500A,NULL,NULL
LOLOLJ500A,CL,ASB,LOWICTMA,SECSI,Y,0,NULL,LOLOLJ500A:1,NULL,NULL
LRLB502A,CL,ASB,LRFRA,LBFRA,Y,0,NULL,LRLB502A,NULL,NULL
LRLH555Y,CL,ASB,LRBBCTA,LHFRA,Y,0,NULL,LRLH555Y,000,105
LRLU501A,CL,ASB,LRBBCTA,LUFRA,Y,0,NULL,LRLU501A,095,105
LSEDUW500A,CL,ASB,LSASFRA,EDUUFRAW,Y,0,NULL,LSEDUW500A,NULL,NULL
LTLB501B,CL,ASB,LTAANCTA,LBFRA,Y,0,NULL,LTLB501B:2,NULL,NULL
LULR501A,CL,ASB,LUFRA,LRBBCTA,Y,0,NULL,LULR501A:1,095,105
LYSEC500A,CL,ASB,LYPRTMA,SECSI,Y,0,NULL,LYSEC500A,NULL,NULL
NEEE500A,CLG,,NULL,NULL,N,0,OR,NEEE500A,NULL,NULL
NEEF500A,CL,ASB,NEFRAX,EFDCTX,Y,0,NULL,NEEF500A,NULL,NULL
NEEFHK500A,CL,ASB,EFHKTMA,NEFRAX,Y,0,NULL,NEEFHK500A,NULL,NULL
NEEG501A,FP,FTYPE,,NULL,N,0,NULL,NEEG501A,NULL,NULL
NEEK500A,CLG,,NULL,NULL,N,0,OR,NEEK500A,NULL,NULL
NEEV500A,CLG,,NULL,NULL,N,0,OR,NEEV500A,NULL,NULL
NEEV500A,CL,ASB,NEFRAX,EVDCTX,Y,0,NULL,NEEV500A,NULL,NULL
NEEV500A,CL,ASB,EVDCTX,NEFRAX,Y,0,NULL,NEEV500A,NULL,NULL
SECLG500A,CL,ASB,SECSI,LGFRA,Y,0,NULL,SECLG500A,NULL,NULL
SECLH500A,CL,ASB,SECSI,LHFRA,Y,0,NULL,SECLH500A,NULL,NULL
SECLI500A,CL,ASB,SECSI,LIFRA,Y,0,NULL,SECLI500A,NULL,NULL
SEEDMS500A,CL,ASB,SEEFRA,EDMMFRAS,Y,0,NULL,SEEDMS500A,NULL,NULL
SEEEP500A,CL,ASB,SEEFRA,EPFRA,Y,0,NULL,SEEEP500A,NULL,NULL
SEEFRA100B,CL,AS,SEEFRA,NULL,Y,0,NULL,SEEFRA100B,NULL,NULL
SEELH500A,CL,ASB,SEEFRA,LHFRA,Y,0,NULL,SEELH500A:1,NULL,NULL
SEELK500A,CL,ASB,LKAAFRA,SEEFRA,Y,0,NULL,SEELK500A:1,NULL,NULL
UDUG500A,CL,ASB,UDFRA,UGFRA,Y,0,NULL,UDUG500A,000,195
UK100A,CL,AS,UKNESFRA,NULL,Y,0,NULL,UK100A,275,999
UKEP501A,CL,ASB,UKLVTMA,EPFRA,Y,0,NULL,UKEP501A,NULL,NULL
UKUK500A,CL,ASB,UKNESFRA,UKNESFRA,Y,0,NULL,UKUK500A,FLR,275
UKUKOV500A,,GROUP,,NULL,N,0,AND,UKUKOV500A,NULL,NULL
UKUM500A,CL,ASB,UKNESFRA,UMFRA,Y,0,NULL,UKUM500A,275,999
UMUK500A,CL,ASB,UMFRA,UKNESFRA,Y,0,NULL,UMUK500A,275,999
URUG500A,CL,ASB,URFRA,UGFRA,Y,0,NULL,URUG500A,000,195
YXEG500A,CL,ASB,EDYYFRA,EGTTNFRA,Y,0,NULL,YXEG500A:1,NULL,NULL
YXNE500B,CL,ASB,EDYYFRA,NEFRAX,Y,0,NULL,YXNE500B,NULL,NULL
BINE500A,,GROUP,,NULL,N,0,AND,BINE500A,NULL,NULL
BLEPLB500A,CLG,,NULL,NULL,N,0,OR,BLEPLB500A,NULL,NULL
BLES500A,CL,ASB,BALTFRA,ESMEDDEL,Y,0,NULL,BLES500A,NULL,NULL
BLES501A,CL,ASB,ESDCTX,BALTFRA,Y,0,NULL,BLES501A,NULL,NULL
BLLZN500A,CL,ASB,BALTFRA,LZNFRA,Y,0,NULL,BLLZN500A,NULL,NULL
BLUMKK500A,CL,ASB,UMKKFRA,BALTFRA,Y,0,NULL,BLUMKK500A,NULL,NULL
DUNDUE500A,CL,ASB,EDUUFRAN,EDUUFRAE,Y,0,NULL,DUNDUE500A,NULL,NULL
DUWDMS500A,CL,ASB,EDUUFRAW,EDMMFRAS,Y,0,NULL,DUWDMS500A,NULL,NULL
DUWDMS501A,CL,ASB,EDUUFRAW,EDMMFRAS,Y,0,NULL,DUWDMS501A,NULL,NULL
EDMDMS500A,CL,ASB,EDMMFRAE,EDMMFRAS,Y,0,NULL,EDMDMS500A,NULL,NULL
EDMEEP500A,CL,ASB,EDMMFRAE,EPFRA,Y,0,NULL,EDMEEP500A,NULL,NULL
EDMEGG500A,CLG,,NULL,NULL,N,0,OR,EDMEGG500A,NULL,NULL
EDMSSE500A,CL,ASB,EDMMFRAS,SEEFRA,Y,0,NULL,EDMSSE500A,NULL,NULL
EDREDR500E,CL,ASB,EDMMFRAE,EDUUFRAE,Y,0,NULL,EDREDR500E,NULL,NULL
EDUEDU500F,CL,ASB,EDGGNCTA,EDUUFRAW,Y,0,NULL,EDUEDU500F,NULL,NULL
EDUU100WN,CL,AS,EDUUFRAW,NULL,Y,0,NULL,EDUU100WN,NULL,NULL
EDUWYX500A,CL,ASB,EDUUFRAW,EDYYFRA,Y,0,NULL,EDUWYX500A,NULL,NULL
EDWEES500A,CL,ASB,EDWWFRAE,ESDCTX,Y,0,NULL,EDWEES500A:1,NULL,NULL
EDYX500A,CL,ASB,EDDCTX,EDYYFRA,Y,0,NULL,EDYX500A,NULL,NULL
EGNE500A,CL,ASB,EGPXFRA,NEFRAX,Y,0,NULL,EGNE500A,NULL,NULL
EGPXEI501A,,GROUP,,NULL,N,0,AND,EGPXEI501A,NULL,NULL
EGPXEK500A,CL,ASB,EGPXFRA,EKDCTX,Y,0,NULL,EGPXEK500A,NULL,NULL
EGPXGX500A,CLG,,NULL,NULL,N,0,OR,EGPXGX500A,NULL,NULL
EGTTEI500A,CL,ASB,EGTTNFRA,EISNFRA,Y,0,NULL,EGTTEI500A,NULL,NULL
EGTTEI500A,FP,FTYPE,,NULL,N,0,NULL,EGTTEI500A,NULL,NULL
EGYX501A,CLG,,NULL,NULL,N,0,OR,EGYX501A,NULL,NULL
EGYX501A,CL,ASB,EDYYFRA,EGPXFRA,Y,0,NULL,EGYX501A,NULL,NULL
EGYX502A,CLG,,NULL,NULL,N,0,OR,EGYX502A:1,NULL,NULL
EIEGN500A,CL,ASB,EISNFRA,EGPXNFRA,Y,0,NULL,EIEGN500A,NULL,NULL
EILF500A,CL,ASB,LFFRANW,EISNFRA,Y,0,NULL,EILF500A:1,NULL,NULL
EKEDWE500A,CL,ASB,EKDCTX,EDWWFRAE,Y,0,NULL,EKEDWE500A,NULL,NULL
EP100A,CL,AS,EPFRA,NULL,Y,0,NULL,EP100A,NULL,NULL
EPES500A,CLG,,NULL,NULL,N,0,OR,EPES500A,NULL,NULL
EPFNF500A,CL,ASB,EPNFRA,EPFRA,Y,0,NULL,EPFNF500A,NULL,NULL
EPLK500A,CL,ASB,EPFRA,LKAAFRA,Y,0,NULL,EPLK500A:1,NULL,NULL
EPNDCT500A,CLG,,NULL,NULL,N,0,OR,EPNDCT500A,NULL,NULL
EPNE500A,CLG,,NULL,NULL,N,0,OR,EPNE500A,NULL,NULL
EPUMKK500A,CL,ASB,UMKKFRA,EPFRA,Y,0,NULL,EPUMKK500A,NULL,NULL
EY100A,CL,AS,EYFRA,NULL,Y,0,NULL,EY100A:1,NULL,NULL
EYEP500A,CL,ASB,EPFRA,EYFRA,Y,0,NULL,EYEP500A,NULL,NULL
EYES500A,CL,ASB,ESDCTX,EYFRA,Y,0,NULL,EYES500A,NULL,NULL
EYNE500A,FP,FTYPE,,NULL,N,0,NULL,EYNE500A,NULL,NULL
EYUMKK500A,CL,ASB,EYFRA,UMKKFRA,Y,0,NULL,EYUMKK500A,NULL,NULL
GCLPPO500A,CL,ASB,LPPOOCA,GCFRA,Y,0,NULL,GCLPPO500A,305,660
GMACGM500A,CL,ASB,GMACFRA,GMMMCTA,Y,0,NULL,GMACGM500A,NULL,NULL
GMLP500A,CL,ASB,GMACDCT,LPPCFRA,Y,0,NULL,GMLP500A,245,999
LBLBSF500A,CL,ASB,SEEFRA,LBSFTMA,Y,0,NULL,LBLBSF500A,NULL,NULL
LBSFLB501A,CL,ASB,LBSFTMA,LBFRA,Y,0,NULL,LBSFLB501A:1,NULL,NULL
LBUK500A,CL,ASB,LBFRA,UKODSFRA,Y,0,NULL,LBUK500A,NULL,NULL
LE100A,CL,AS,HISPAFRA1,NULL,Y,0,NULL,LE100A,245,660
LELPPO500A,CL,ASB,HISPAFRA1,LPPOOCA,Y,0,NULL,LELPPO500A,245,660
LFFRAW500A,CL,ASB,LFFRANW,LFFRASW,Y,0,NULL,LFFRAW500A,NULL,NULL
LFRRLU500A,CL,ASB,LFRRFRAL,LFFRANW,Y,0,NULL,LFRRLU500A,NULL,NULL
LGHE500A,CL,ASB,LGFRA,HECCCTA,Y,0,NULL,LGHE500A,NULL,NULL
LGLC501A,CL,ASB,LGNFRA,LCFRA,Y,0,NULL,LGLC501A,NULL,NULL
LGNLB500A,CL,ASB,LGNFRA,LBFRA,Y,0,NULL,LGNLB500A,NULL,NULL
LHKSEC500A,CL,ASB,LHKRCTA,SECSI,Y,0,NULL,LHKSEC500A,NULL,NULL
LIEDUE500A,CL,ASB,LIFRA,EDUUFRAE,Y,0,NULL,LIEDUE500A,NULL,NULL
LILI500D,CL,ASB,LIFRA,LIFRA,Y,0,NULL,LILI500D,305,CEL
LKEP500A,CL,ASB,LKAAFRA,EPFRA,Y,0,NULL,LKEP500A,NULL,NULL
LKLK501A,CL,ASB,LKAAFRA,LKNFRA,Y,0,NULL,LKLK501A,NULL,NULL
LKLK501D,CL,ASB,LKNFRA,LKAAFRA,Y,0,NULL,LKLK501D,NULL,NULL
LKLKPR500A,CL,ASB,LKAAFRA,LKPRAPP,Y,0,NULL,LKLKPR500A,NULL,NULL
LKLOLJ501A,CL,ASB,LKNFRA,SECSI,Y,0,NULL,LKLOLJ501A:1,NULL,NULL
LMLG501A,CLG,,NULL,NULL,N,0,OR,LMLG501A:1,NULL,NULL
LMLG501A,CL,ASB,LMFRA,LGNFRA,Y,0,NULL,LMLG501A:1,NULL,NULL
LOLJED500A,CL,ASB,SECSI,EDDCT1,Y,0,NULL,LOLJED500A,000,245
LOLJMB501A,CL,ASB,SECSI3,LJMBFRA,Y,0,NULL,LOLJMB501A,NULL,NULL
LRLH555T,CL,ASB,LRARTMA,LHFRA,Y,0,NULL,LRLH555T,NULL,NULL
LSLF500A,CL,ASB,LSASFRA,LFFNE,Y,0,NULL,LSLF500A,NULL,NULL
LSLFM500A,CL,ASB,LSASFRA,LFMMFRA,Y,0,NULL,LSLFM500A,NULL,NULL
LTLC500A,CL,ASB,LTDCT,LCFRA,Y,0,NULL,LTLC500A,NULL,NULL
LTUK500A,CLG,,NULL,NULL,N,0,OR,LTUK500A,NULL,NULL
NEBL500A,CL,ASB,NEFRAX,BALTFRA,Y,0,NULL,NEBL500A,NULL,NULL
NEEF500A,CL,ASB,EFDCTX,NEFRAX,Y,0,NULL,NEEF500A,NULL,NULL
NEEFHK500A,CL,ASB,NEFRAX,EFHKTMA,Y,0,NULL,NEEFHK500A,NULL,NULL
NEEG500A,CL,ASB,NEFRAX,EGPXFRA,Y,0,NULL,NEEG500A,NULL,NULL
NEEK500A,CL,ASB,NEFRAX,EKDCTX,Y,0,NULL,NEEK500A,NULL,NULL
NEEK500A,CL,ASB,EKDCTX,NEFRAX,Y,0,NULL,NEEK500A,NULL,NULL
NEUU500A,,GROUP,,NULL,N,0,NOT,NEUU500A,NULL,NULL
NEUU500A,FP,FTYPE,,NULL,N,0,NULL,NEUU500A,NULL,NULL
SECLH501A,CL,ASB,SECSI3,LHFRA,Y,0,NULL,SECLH501A,NULL,NULL
SECSEE500A,CL,ASB,SECSI,SEEFRA,Y,0,NULL,SECSEE500A,NULL,NULL
SEEEPN500A,CL,ASB,SEEFRA,EPNFRA,Y,0,NULL,SEEEPN500A,NULL,NULL
SEELT500A,CL,ASB,SEEFRA,LTAAWCTA,Y,0,NULL,SEELT500A,NULL,NULL
UGUD100B,CL,AS,FRASC,NULL,Y,0,NULL,UGUD100B,195,999
UGUDUR500A,CL,ASB,FRASC,URFRA,Y,0,NULL,UGUDUR500A,195,999
UGUG500A,CL,ASB,UGFRA,UGFRA,Y,0,NULL,UGUG500A:1,FLR,195
UKBL500A,CL,ASB,UKNESFRA,BALTFRA,Y,0,NULL,UKBL500A,NULL,NULL
UKODS100B,CL,AS,UKODSFRA,NULL,Y,0,NULL,UKODS100B,275,999
UKOUKN500A,CL,ASB,UKODSFRA,UKNFRA1,Y,0,NULL,UKOUKN500A,NULL,NULL
UKOUKO500D,CL,ASB,UKODSFRA,UKODSFRA,Y,0,NULL,UKOUKO500D,275,CEL
UKOVUK500A,FP,FTYPE,,NULL,N,0,NULL,UKOVUK500A,NULL,NULL
UKUKOV500A,CL,ASB,UKNESFRA,UKODSFRA,Y,0,NULL,UKUKOV500A,275,999
UMNE500A,FP,FTYPE,,NULL,N,0,NULL,UMNE500A,NULL,NULL
UUNE500A,FP,FTYPE,,NULL,N,0,NULL,UUNE500A,NULL,NULL
UUUK500A,CL,ASB,UUWVFRA,UKNESFRA,Y,0,NULL,UUUK500A,275,999
YXEDUE500A,CL,ASB,EDYYFRA,EDUUFRAE,Y,0,NULL,YXEDUE500A,NULL,NULL